,deviceid,travel_time,dwell_time
0,116,53.95,5.916666666666667
1,116,50.93333333333333,5.0
2,116,48.35,5.8
3,116,51.3,6.8500000000000005
4,116,40.35,4.266666666666667
5,116,54.2,6.85
6,116,59.11666666666667,9.166666666666668
7,116,54.53333333333333,4.5
8,116,62.5,9.583333333333334
9,116,46.86666666666667,8.15
10,116,39.6,5.6
11,116,43.766666666666666,2.3000000000000003
12,116,49.2,5.75
13,116,41.53333333333333,2.4833333333333334
14,116,45.15,6.833333333333333
15,116,70.45,37.150000000000006
16,116,41.71666666666667,3.9333333333333336
17,116,44.95,3.0
18,116,43.48333333333333,4.783333333333334
19,116,56.48333333333333,9.75
20,116,42.7,3.1
21,116,42.63333333333333,3.65
22,116,47.95,9.783333333333331
23,116,40.91666666666666,2.95
24,116,39.16666666666666,2.8166666666666664
25,116,42.36666666666667,2.0
26,116,43.41666666666666,6.233333333333333
27,116,43.41666666666666,5.133333333333334
28,116,38.93333333333333,2.0166666666666666
29,116,42.6,6.3500000000000005
30,116,49.25,7.6
31,116,37.6,2.583333333333333
32,116,37.93333333333333,4.55
33,116,48.28333333333333,4.666666666666667
34,116,44.4,5.316666666666667
35,116,48.8,5.333333333333333
36,116,47.65,6.483333333333333
37,116,36.46666666666667,1.1666666666666663
38,116,38.53333333333333,2.4333333333333336
39,116,50.15,5.016666666666667
40,116,47.85,5.583333333333334
41,116,46.45,4.333333333333334
42,116,41.35,0.75
43,116,47.16666666666666,5.466666666666667
44,116,45.41666666666666,4.483333333333333
45,116,48.85,4.666666666666667
46,116,54.48333333333333,12.116666666666667
47,116,41.16666666666666,3.0
48,116,40.8,3.2666666666666666
49,116,46.23333333333333,4.566666666666666
50,116,45.4,4.816666666666666
51,116,49.6,4.65
52,116,50.66666666666666,4.783333333333333
53,116,86.16666666666667,49.68333333333334
54,116,40.05,3.1833333333333336
55,116,50.35,5.633333333333334
56,116,44.4,4.616666666666667
57,116,50.46666666666667,3.966666666666667
58,116,43.766666666666666,6.433333333333334
59,116,41.2,2.3166666666666664
60,116,39.35,4.316666666666666
61,116,49.5,7.166666666666667
62,116,41.38333333333333,3.8
63,116,48.35,5.333333333333334
64,116,35.78333333333333,2.4
65,116,59.28333333333333,8.166666666666668
66,116,38.583333333333336,4.033333333333333
67,116,41.23333333333333,1.6333333333333333
68,116,54.1,8.783333333333333
69,116,46.86666666666667,6.133333333333333
70,116,44.083333333333336,4.4
71,116,42.833333333333336,5.533333333333333
72,116,40.66666666666666,5.166666666666667
73,116,47.21666666666667,4.616666666666667
74,116,47.516666666666666,8.350000000000001
75,116,49.68333333333333,6.8
76,116,41.45,5.85
77,116,43.833333333333336,2.25
78,116,53.75,10.0
79,116,41.93333333333333,3.6166666666666663
80,116,47.53333333333333,4.9
81,116,33.81666666666667,1.6333333333333333
82,116,43.63333333333333,6.15
83,116,45.85,3.633333333333333
84,116,46.766666666666666,6.066666666666666
85,116,47.016666666666666,3.733333333333333
86,116,48.48333333333333,9.683333333333334
87,116,44.16666666666666,3.45
88,116,42.4,4.116666666666666
89,116,48.78333333333333,5.5
90,116,46.96666666666667,3.633333333333333
91,116,47.8,4.183333333333334
92,116,48.43333333333333,6.4
93,116,40.5,2.816666666666667
94,116,40.28333333333333,1.9166666666666663
95,116,45.1,1.9666666666666668
96,116,45.43333333333333,4.316666666666666
97,116,51.85,5.25
98,116,39.15,2.6333333333333333
99,116,52.05,5.25
100,116,45.88333333333333,6.383333333333334
101,116,44.1,5.15
102,116,50.13333333333333,7.366666666666667
103,116,44.3,5.250000000000001
104,116,41.11666666666667,4.366666666666666
105,116,50.516666666666666,4.3
106,116,52.333333333333336,6.75
107,116,47.88333333333333,6.2
108,116,41.8,3.2
109,116,46.81666666666667,3.0
110,116,44.016666666666666,3.25
111,116,44.23333333333333,5.666666666666667
112,116,43.06666666666667,2.4
113,116,37.03333333333333,3.116666666666667
114,116,46.66666666666666,7.083333333333334
115,116,39.88333333333333,1.4333333333333331
116,116,44.45,5.6000000000000005
117,116,47.91666666666666,5.916666666666667
118,116,49.73333333333333,8.5
119,116,51.71666666666667,5.866666666666667
120,116,44.583333333333336,5.6000000000000005
121,116,53.516666666666666,7.25
122,117,51.96666666666667,8.98333333333333
123,117,59.06666666666667,7.566666666666665
124,117,53.28333333333333,7.95
125,117,52.56666666666667,6.283333333333331
126,117,58.266666666666666,8.283333333333333
127,117,40.65,2.6500000000000004
128,117,43.95,4.400000000000001
129,117,48.06666666666667,4.2
130,117,55.7,7.5
131,117,46.8,4.7
132,117,59.96666666666667,8.333333333333332
133,117,43.66666666666666,4.133333333333334
134,117,50.766666666666666,6.333333333333334
135,117,43.016666666666666,4.799999999999999
136,117,53.35,8.450000000000001
137,117,42.583333333333336,3.0500000000000003
138,117,51.48333333333333,4.166666666666667
139,117,47.2,4.7333333333333325
140,117,57.05,7.683333333333333
141,117,47.46666666666667,6.75
142,117,50.98333333333333,5.249999999999998
143,117,55.41666666666666,8.099999999999996
144,117,49.18333333333333,4.449999999999998
145,117,46.73333333333333,4.3
146,117,44.15,5.116666666666666
147,117,48.28333333333333,4.916666666666666
148,117,56.71666666666667,9.633333333333333
149,117,47.93333333333333,4.7333333333333325
150,117,45.16666666666666,2.5166666666666666
151,117,50.88333333333333,10.333333333333334
152,117,48.91666666666666,5.533333333333332
153,117,46.71666666666667,3.883333333333333
154,117,57.21666666666667,8.033333333333333
155,117,48.63333333333333,3.65
156,117,49.75,3.5500000000000003
157,117,59.16666666666666,11.6
158,117,49.2,8.25
159,117,48.11666666666667,14.500000000000002
160,117,52.66666666666666,7.383333333333335
161,117,44.8,4.300000000000001
162,117,47.61666666666667,4.466666666666668
163,117,48.93333333333333,6.383333333333335
164,117,48.06666666666667,5.683333333333334
165,117,47.31666666666667,3.150000000000001
166,117,55.766666666666666,9.266666666666666
167,117,49.86666666666667,5.35
168,117,50.0,5.566666666666666
169,117,50.41666666666666,5.883333333333333
170,117,52.05,4.85
171,117,52.41666666666666,3.316666666666667
172,117,55.65,8.583333333333334
173,117,43.96666666666667,3.3833333333333333
174,117,52.46666666666667,5.45
175,117,51.95,8.833333333333334
176,117,50.46666666666667,5.299999999999999
177,117,51.06666666666667,5.749999999999998
178,117,56.5,9.183333333333334
179,117,46.95,5.966666666666666
180,117,50.16666666666666,5.866666666666666
181,117,47.85,7.083333333333332
182,117,53.766666666666666,6.300000000000002
183,117,51.5,5.499999999999999
184,117,51.96666666666667,5.533333333333332
185,117,53.46666666666667,4.583333333333334
186,117,51.78333333333333,7.049999999999999
187,117,53.25,6.699999999999998
188,117,47.46666666666667,3.8
189,117,46.016666666666666,4.15
190,117,51.95,4.300000000000001
191,117,50.48333333333333,3.5500000000000007
192,117,53.05,8.383333333333333
193,117,49.73333333333333,7.466666666666666
194,117,50.8,6.0
195,117,45.3,5.033333333333334
196,117,53.46666666666667,4.883333333333334
197,117,55.333333333333336,9.25
198,117,57.75,9.266666666666664
199,117,51.81666666666667,8.416666666666664
200,121,48.71666666666667,8.216666666666663
201,121,56.68333333333333,5.916666666666666
202,121,53.66666666666666,10.816666666666668
203,121,59.63333333333333,7.933333333333333
204,121,57.6,11.9
205,121,48.68333333333333,6.9833333333333325
206,121,42.96666666666667,8.03333333333333
207,121,45.63333333333333,3.083333333333333
208,121,56.65,10.383333333333333
209,121,55.18333333333333,7.016666666666667
210,121,49.45,8.183333333333334
211,121,38.333333333333336,2.933333333333334
212,121,81.61666666666666,12.966666666666663
213,121,57.85,16.349999999999998
214,121,46.61666666666667,6.233333333333332
215,121,41.53333333333333,3.833333333333334
216,121,46.41666666666666,9.233333333333327
217,121,42.81666666666667,4.399999999999999
218,121,41.016666666666666,3.55
219,121,113.91666666666669,19.88333333333334
220,121,45.88333333333333,7.700000000000001
221,121,42.35,5.999999999999999
222,121,42.81666666666667,3.5
223,121,52.7,9.35
224,121,40.66666666666666,2.633333333333334
225,121,43.31666666666667,3.816666666666667
226,121,55.833333333333336,9.9
227,121,43.96666666666667,6.849999999999999
228,121,44.15,4.6
229,121,41.68333333333333,3.5
230,121,45.5,5.283333333333331
231,121,41.6,4.433333333333334
232,121,42.0,5.149999999999999
233,121,39.98333333333333,3.500000000000001
234,121,45.43333333333333,4.3
235,121,43.5,4.799999999999999
236,121,50.06666666666667,5.583333333333334
237,121,38.31666666666667,3.4833333333333343
238,121,46.9,5.083333333333332
239,121,42.71666666666667,3.8666666666666663
240,121,46.833333333333336,8.399999999999997
241,121,43.53333333333333,4.616666666666666
242,121,47.333333333333336,4.85
243,121,33.6,2.683333333333333
244,121,50.8,6.699999999999998
245,121,41.05,3.133333333333334
246,121,48.833333333333336,5.216666666666667
247,121,41.266666666666666,2.6000000000000005
248,121,53.55,4.2
249,121,46.88333333333333,9.5
250,121,44.1,2.25
251,121,43.45,3.750000000000001
252,121,43.8,3.75
253,121,39.85,3.833333333333333
254,121,41.45,2.1333333333333333
255,121,211.31666666666663,74.88333333333333
256,121,43.4,6.716666666666664
257,121,45.8,4.033333333333334
258,121,39.96666666666667,3.266666666666667
259,121,48.333333333333336,7.699999999999997
260,121,36.73333333333333,2.3500000000000005
261,121,47.31666666666667,4.4
262,121,214.6833333333333,91.5
263,121,40.85,2.016666666666667
264,121,46.6,6.449999999999998
265,121,43.68333333333333,3.7166666666666672
266,121,50.88333333333333,8.933333333333334
267,121,34.03333333333333,2.4333333333333336
268,121,43.61666666666667,5.133333333333332
269,121,205.75,74.00000000000001
270,121,42.9,2.8166666666666678
271,121,45.56666666666667,4.55
272,121,46.21666666666667,5.233333333333331
273,121,51.05,8.616666666666664
274,121,38.71666666666667,2.8
275,121,40.68333333333333,2.583333333333333
276,121,182.13333333333333,47.616666666666674
277,121,39.266666666666666,3.9
278,121,47.35,4.666666666666668
279,121,43.75,4.683333333333333
280,121,50.85,3.0500000000000007
281,121,43.25,2.816666666666667
282,121,44.2,6.549999999999998
283,121,41.266666666666666,3.3000000000000003
284,121,48.43333333333333,5.983333333333333
285,121,39.15,3.6166666666666663
286,121,43.63333333333333,4.783333333333333
287,121,41.016666666666666,2.9166666666666674
288,121,38.75,3.3833333333333333
289,121,35.733333333333334,3.4000000000000004
290,121,48.21666666666667,6.366666666666666
291,121,43.86666666666667,2.783333333333333
292,121,39.53333333333333,4.15
293,121,45.833333333333336,4.916666666666667
294,121,43.38333333333333,2.95
295,121,39.15,4.033333333333334
296,121,47.15,6.033333333333332
297,121,46.0,5.583333333333331
298,121,45.6,6.366666666666665
299,121,38.9,2.8333333333333344
300,121,40.93333333333333,4.1000000000000005
301,121,40.21666666666667,2.166666666666667
302,121,45.5,5.799999999999998
303,121,43.66666666666666,3.5666666666666678
304,121,46.2,8.666666666666666
305,121,38.88333333333333,3.849999999999999
306,121,39.083333333333336,4.083333333333333
307,121,42.35,5.499999999999999
308,121,37.98333333333333,3.766666666666667
309,121,44.4,4.416666666666667
310,121,43.016666666666666,5.666666666666665
311,121,68.68333333333334,27.36666666666667
312,121,50.93333333333333,10.1
313,121,42.18333333333333,4.033333333333334
314,121,41.48333333333333,3.2833333333333337
315,121,46.25,6.699999999999998
316,121,50.4,7.616666666666667
317,121,46.81666666666667,5.516666666666667
318,123,24.8,0.0
319,123,29.433333333333334,0.8833333333333333
320,123,48.25,4.783333333333333
321,123,46.48333333333333,7.299999999999998
322,123,37.6,4.416666666666668
323,123,39.68333333333333,1.8000000000000005
324,123,39.65,4.783333333333332
325,123,50.36666666666667,5.316666666666666
326,123,49.13333333333333,5.63333333333333
327,123,48.6,4.5
328,123,45.95,8.549999999999997
329,123,45.516666666666666,7.166666666666668
330,123,44.03333333333333,5.433333333333333
331,123,29.683333333333334,0.75
332,123,42.2,4.416666666666667
333,123,43.2,3.1666666666666665
334,123,61.9,15.433333333333332
335,123,46.38333333333333,4.866666666666666
336,123,49.56666666666667,4.516666666666666
337,123,48.583333333333336,5.333333333333333
338,123,387.31666666666666,284.6500000000001
339,123,45.53333333333333,5.749999999999999
340,123,43.88333333333333,7.049999999999996
341,123,48.63333333333333,5.283333333333332
342,123,50.53333333333333,13.400000000000002
343,123,48.06666666666667,6.416666666666666
344,123,47.81666666666667,5.116666666666666
345,123,47.75,6.433333333333334
346,123,48.46666666666667,5.666666666666666
347,123,47.1,5.183333333333332
348,123,46.46666666666667,5.9833333333333325
349,123,42.91666666666666,2.8
350,123,43.61666666666667,6.916666666666663
351,123,54.31666666666667,5.1000000000000005
352,123,44.03333333333333,8.45
353,123,46.083333333333336,3.066666666666666
354,123,49.9,7.5666666666666655
355,123,51.0,6.866666666666667
356,123,48.4,2.9833333333333343
357,123,48.78333333333333,7.066666666666663
358,123,48.68333333333333,11.366666666666667
359,123,48.81666666666667,4.033333333333333
360,123,49.85,5.633333333333332
361,123,54.46666666666667,7.800000000000001
362,123,48.583333333333336,7.199999999999999
363,123,47.9,7.633333333333332
364,123,41.91666666666666,4.55
365,123,47.66666666666666,4.316666666666666
366,123,50.333333333333336,4.416666666666667
367,123,40.48333333333333,3.5500000000000003
368,123,42.81666666666667,5.73333333333333
369,123,42.93333333333333,1.85
370,123,36.48333333333333,2.233333333333334
371,123,51.65,7.633333333333331
372,123,47.73333333333333,7.566666666666666
373,123,51.1,6.516666666666667
374,123,50.06666666666667,5.7333333333333325
375,123,42.21666666666667,5.08333333333333
376,123,26.35,1.5166666666666666
377,123,31.816666666666663,3.366666666666667
378,123,57.266666666666666,17.166666666666668
379,123,44.25,3.0500000000000003
380,123,42.56666666666667,4.783333333333332
381,123,53.6,4.866666666666668
382,123,45.266666666666666,5.283333333333333
383,123,51.91666666666666,4.85
384,123,52.18333333333333,4.316666666666667
385,123,41.833333333333336,4.116666666666666
386,123,57.66666666666666,17.366666666666664
387,123,46.333333333333336,3.499999999999999
388,123,41.96666666666667,5.749999999999997
389,123,49.66666666666666,5.966666666666666
390,123,50.65,9.200000000000005
391,123,53.4,8.083333333333332
392,123,51.38333333333333,11.266666666666667
393,123,44.7,4.916666666666666
394,123,46.85,4.483333333333333
395,123,51.2,4.716666666666666
396,123,54.18333333333333,14.283333333333337
397,123,46.63333333333333,6.666666666666665
398,123,48.96666666666667,4.616666666666666
399,123,47.98333333333333,5.183333333333333
400,123,49.48333333333333,5.766666666666667
401,123,53.11666666666667,4.666666666666668
402,123,31.516666666666666,0.05
403,123,42.11666666666667,3.35
404,123,51.25,2.3000000000000003
405,123,52.95,7.566666666666667
406,123,51.1,6.3666666666666645
407,123,50.41666666666666,8.650000000000002
408,123,53.56666666666667,5.3
409,123,27.666666666666668,0.6333333333333333
410,123,30.25,1.1333333333333333
411,123,45.0,4.183333333333333
412,123,54.266666666666666,8.433333333333334
413,123,50.5,4.433333333333333
414,123,50.766666666666666,6.4499999999999975
415,123,54.66666666666666,5.45
416,123,51.21666666666667,6.416666666666666
417,123,48.766666666666666,3.866666666666666
418,123,53.8,8.816666666666666
419,123,50.85,11.000000000000002
420,123,47.56666666666667,3.9833333333333343
421,123,46.43333333333333,7.683333333333334
422,123,49.98333333333333,12.016666666666667
423,123,47.05,7.266666666666665
424,123,49.18333333333333,5.8500000000000005
425,123,40.91666666666666,6.783333333333332
426,123,44.86666666666667,3.883333333333334
427,123,44.03333333333333,8.566666666666665
428,123,48.016666666666666,4.55
429,123,47.91666666666666,7.649999999999998
430,123,51.35,8.316666666666666
431,123,47.5,5.599999999999997
432,123,48.6,5.916666666666666
433,123,44.35,4.699999999999999
434,123,49.65,7.816666666666662
435,123,59.266666666666666,13.133333333333333
436,123,49.95,9.766666666666662
437,123,53.53333333333333,11.95
438,123,45.68333333333333,7.649999999999999
439,123,25.116666666666667,0.2833333333333333
440,123,34.45,1.2833333333333334
441,123,38.03333333333333,1.9500000000000008
442,123,49.266666666666666,4.9
443,123,49.98333333333333,4.483333333333332
444,123,45.833333333333336,4.7
445,123,39.95,3.2166666666666663
446,123,37.35,2.683333333333333
447,128,41.48333333333333,3.1333333333333337
448,128,40.0,2.516666666666666
449,128,41.2,5.499999999999998
450,128,48.21666666666667,5.866666666666667
451,128,43.38333333333333,4.633333333333334
452,128,43.6,3.766666666666667
453,128,47.1,8.23333333333333
454,128,50.48333333333333,7.233333333333333
455,128,48.66666666666666,4.833333333333332
456,128,41.43333333333333,3.983333333333333
457,128,38.85,4.266666666666666
458,128,40.45,2.7166666666666672
459,128,44.8,5.1166666666666645
460,128,42.71666666666667,3.416666666666667
461,128,42.766666666666666,4.233333333333333
462,128,45.48333333333333,4.1
463,128,55.083333333333336,11.883333333333333
464,128,46.516666666666666,3.4166666666666665
465,128,45.88333333333333,9.666666666666664
466,128,47.66666666666666,4.75
467,128,41.65,6.299999999999999
468,128,50.15,5.783333333333334
469,128,49.95,9.283333333333331
470,128,46.3,7.633333333333331
471,128,49.31666666666667,12.233333333333334
472,128,51.81666666666667,8.466666666666667
473,128,41.583333333333336,5.933333333333331
474,128,50.78333333333333,6.666666666666666
475,128,52.56666666666667,11.033333333333337
476,128,49.16666666666666,5.6000000000000005
477,128,53.583333333333336,9.666666666666666
478,128,44.93333333333333,7.216666666666666
479,128,45.55,6.35
480,128,48.28333333333333,8.233333333333333
481,128,41.583333333333336,2.65
482,128,43.23333333333333,5.3166666666666655
483,128,29.98333333333333,1.0833333333333337
484,128,48.55,5.766666666666664
485,128,46.266666666666666,4.799999999999999
486,128,42.55,3.616666666666667
487,128,53.36666666666667,7.466666666666667
488,128,47.45,4.816666666666666
489,128,48.8,6.566666666666667
490,128,42.06666666666667,3.599999999999999
491,128,46.36666666666667,4.65
492,128,49.31666666666667,7.78333333333333
493,128,52.63333333333333,6.4
494,128,43.88333333333333,5.933333333333332
495,128,49.53333333333333,6.3166666666666655
496,128,41.98333333333333,3.2833333333333337
497,128,43.65,4.3500000000000005
498,128,49.36666666666667,4.016666666666668
499,128,53.06666666666667,5.85
500,128,41.11666666666667,5.499999999999998
501,128,49.55,5.549999999999999
502,128,56.03333333333333,13.6
503,128,48.96666666666667,8.433333333333332
504,128,61.96666666666667,16.85
505,128,43.333333333333336,4.266666666666667
506,250,53.53333333333333,12.633333333333336
507,250,55.766666666666666,9.300000000000002
508,250,52.16666666666666,10.033333333333337
509,250,60.0,6.349999999999999
510,250,50.03333333333333,7.949999999999998
511,250,50.016666666666666,13.333333333333336
512,250,45.88333333333333,4.95
513,250,44.16666666666666,3.6833333333333336
514,250,50.8,8.48333333333333
515,250,48.6,7.433333333333333
516,250,44.36666666666667,6.383333333333333
517,250,46.06666666666667,4.266666666666667
518,250,56.0,10.41666666666667
519,250,44.73333333333333,5.033333333333334
520,250,43.583333333333336,4.699999999999999
521,250,33.983333333333334,1.3166666666666669
522,250,46.05,4.883333333333334
523,250,45.3,2.916666666666667
524,250,56.73333333333333,9.783333333333331
525,250,51.266666666666666,6.183333333333333
526,250,45.6,6.249999999999999
527,250,38.41666666666666,2.1666666666666665
528,250,43.93333333333333,3.2500000000000004
529,250,41.73333333333333,5.083333333333333
530,250,39.86666666666667,3.066666666666667
531,250,52.6,10.91666666666667
532,250,40.21666666666667,3.833333333333333
533,250,48.18333333333333,7.083333333333334
534,250,65.0,18.21666666666668
535,250,49.68333333333333,7.549999999999999
536,250,46.16666666666666,3.900000000000001
537,250,48.53333333333333,7.45
538,250,39.833333333333336,4.216666666666667
539,250,45.68333333333333,3.3
540,250,41.43333333333333,4.866666666666666
541,250,50.583333333333336,6.516666666666666
542,250,48.083333333333336,5.316666666666666
543,250,45.96666666666667,3.966666666666668
544,250,43.13333333333333,7.749999999999998
545,250,51.86666666666667,5.85
546,250,50.45,12.133333333333336
547,250,46.61666666666667,7.6
548,250,50.3,5.016666666666665
549,250,45.016666666666666,4.683333333333334
550,250,55.6,15.666666666666664
551,250,46.93333333333333,7.933333333333333
552,250,45.06666666666667,5.000000000000002
553,250,49.65,5.116666666666665
554,250,47.13333333333333,7.249999999999999
555,250,47.68333333333333,5.866666666666665
556,250,50.1,5.616666666666666
557,250,45.9,5.050000000000001
558,250,45.45,3.733333333333333
559,250,50.45,5.266666666666665
560,250,53.23333333333333,7.633333333333331
561,250,48.333333333333336,3.9666666666666672
562,250,40.68333333333333,6.833333333333334
563,250,43.766666666666666,4.666666666666667
564,250,44.6,3.3666666666666667
565,250,67.66666666666667,20.183333333333334
566,250,37.63333333333333,4.016666666666668
567,250,50.86666666666667,11.383333333333336
568,250,41.98333333333333,8.499999999999998
569,250,45.48333333333333,6.499999999999999
570,250,45.15,6.033333333333333
571,250,48.016666666666666,7.45
572,250,42.8,3.9
573,250,49.48333333333333,5.116666666666667
574,250,49.95,8.749999999999996
575,250,53.7,7.050000000000001
576,250,44.86666666666667,8.166666666666664
577,250,52.25,8.116666666666665
578,250,56.31666666666667,9.083333333333334
579,250,51.583333333333336,5.933333333333334
580,250,43.4,5.983333333333332
581,250,51.6,5.95
582,250,44.03333333333333,7.600000000000001
583,250,48.86666666666667,7.216666666666668
584,250,42.71666666666667,4.999999999999999
585,250,54.7,7.766666666666666
586,250,49.96666666666667,7.916666666666667
587,250,56.41666666666666,14.25
588,250,50.31666666666667,6.399999999999999
589,250,45.86666666666667,2.966666666666667
590,250,53.083333333333336,9.733333333333334
591,262,49.16666666666666,2.7500000000000013
592,262,59.95,16.21666666666667
593,262,46.28333333333333,5.833333333333333
594,262,49.96666666666667,7.066666666666665
595,262,45.88333333333333,4.6
596,262,34.983333333333334,2.016666666666667
597,262,58.2,12.166666666666666
598,262,42.15,3.083333333333334
599,262,51.03333333333333,5.633333333333333
600,262,46.48333333333333,3.6833333333333327
601,262,49.833333333333336,3.716666666666667
602,262,39.81666666666667,1.9333333333333336
603,262,52.083333333333336,11.466666666666669
604,262,38.583333333333336,3.483333333333334
605,262,47.583333333333336,4.133333333333334
606,262,45.1,4.899999999999999
607,262,48.45,3.783333333333333
608,262,51.43333333333333,8.299999999999997
609,262,42.55,3.6333333333333337
610,262,48.53333333333333,3.4333333333333336
611,262,59.98333333333333,11.633333333333336
612,262,47.85,6.749999999999997
613,262,44.016666666666666,3.7
614,262,42.06666666666667,4.499999999999999
615,262,55.3,7.4
616,262,40.23333333333333,3.783333333333332
617,262,48.21666666666667,4.083333333333333
618,262,43.53333333333333,4.166666666666666
619,262,50.71666666666667,7.149999999999997
620,262,52.1,7.6
621,262,58.85,10.533333333333331
622,262,42.583333333333336,6.216666666666662
623,262,50.016666666666666,8.066666666666665
624,262,54.45,13.500000000000004
625,262,48.25,5.549999999999999
626,262,46.63333333333333,4.9
627,262,49.65,6.333333333333331
628,262,44.7,9.916666666666668
629,262,49.23333333333333,5.583333333333332
630,262,55.8,13.583333333333336
631,262,45.55,3.966666666666667
632,262,48.91666666666666,4.916666666666664
633,262,46.81666666666667,5.083333333333332
634,262,46.25,4.466666666666667
635,262,41.23333333333333,2.850000000000001
636,262,43.766666666666666,3.7833333333333337
637,262,47.53333333333333,4.466666666666668
638,262,44.21666666666667,3.9
639,262,53.1,9.733333333333333
640,262,47.1,8.1
641,262,51.25,4.866666666666668
642,262,51.48333333333333,5.633333333333331
643,262,47.3,3.716666666666667
644,262,42.21666666666667,3.383333333333334
645,262,47.05,3.616666666666667
646,262,35.65,4.533333333333334
647,262,45.13333333333333,4.383333333333334
648,262,46.23333333333333,6.416666666666665
649,262,55.333333333333336,5.983333333333333
650,262,41.66666666666666,2.8833333333333333
651,262,51.75,7.933333333333334
652,262,43.98333333333333,2.966666666666666
653,262,50.28333333333333,4.916666666666666
654,262,46.61666666666667,8.349999999999996
655,262,45.4,2.5
656,262,42.21666666666667,5.9
657,262,50.55,10.683333333333334
658,262,46.85,6.416666666666665
659,262,46.66666666666666,4.383333333333333
660,262,54.5,12.116666666666667
661,262,45.31666666666667,5.449999999999999
662,262,45.56666666666667,6.049999999999997
663,262,34.06666666666667,1.3
664,262,48.35,8.283333333333331
665,262,51.1,6.116666666666667
666,262,44.35,5.816666666666667
667,262,48.1,4.9
668,262,43.65,5.666666666666663
669,262,49.98333333333333,4.933333333333333
670,262,41.73333333333333,4.349999999999999
671,262,46.78333333333333,4.699999999999998
672,262,49.3,4.783333333333332
673,262,43.73333333333333,4.516666666666667
674,262,49.18333333333333,7.016666666666665
675,262,52.25,7.25
676,262,53.266666666666666,9.733333333333334
677,262,41.0,5.033333333333333
678,262,50.1,8.966666666666667
679,262,50.48333333333333,7.416666666666665
680,262,50.93333333333333,8.866666666666664
681,262,47.2,6.133333333333336
682,262,50.21666666666667,7.349999999999999
683,262,51.95,5.083333333333334
684,262,35.833333333333336,2.1333333333333333
685,262,46.13333333333333,5.366666666666669
686,262,46.2,8.083333333333332
687,262,50.63333333333333,3.8833333333333337
688,262,43.65,5.233333333333334
689,262,44.23333333333333,3.65
690,262,36.91666666666666,2.2333333333333334
691,262,47.333333333333336,7.9166666666666625
692,262,47.46666666666667,6.599999999999999
693,262,56.016666666666666,8.916666666666666
694,262,43.583333333333336,4.499999999999999
695,262,49.833333333333336,4.916666666666668
696,262,44.3,6.63333333333333
697,262,49.95,4.450000000000001
698,262,49.1,11.2
699,262,56.15,10.883333333333336
700,262,47.93333333333333,6.099999999999999
701,262,47.56666666666667,6.799999999999998
702,262,42.4,2.4
703,262,43.583333333333336,5.649999999999997
704,262,51.083333333333336,3.166666666666667
705,262,54.016666666666666,6.58333333333333
706,262,53.46666666666667,7.983333333333333
707,262,42.21666666666667,4.116666666666666
708,262,47.98333333333333,3.883333333333333
709,262,45.4,6.5666666666666655
710,264,45.4,7.133333333333333
711,264,47.46666666666667,4.6
712,264,57.48333333333333,9.599999999999996
713,264,49.266666666666666,8.0
714,264,38.78333333333333,4.216666666666667
715,264,375.9666666666666,276.81666666666666
716,264,46.65,8.133333333333333
717,264,40.15,3.3833333333333333
718,264,41.93333333333333,4.466666666666666
719,264,46.38333333333333,5.483333333333334
720,264,47.35,5.95
721,264,51.91666666666666,9.933333333333335
722,264,46.81666666666667,6.083333333333331
723,264,47.85,6.166666666666665
724,264,39.6,4.75
725,264,47.88333333333333,8.633333333333335
726,264,47.96666666666667,6.749999999999997
727,264,49.35,6.25
728,264,50.1,4.766666666666667
729,264,48.21666666666667,5.283333333333333
730,264,40.35,4.916666666666666
731,264,45.93333333333333,6.066666666666662
732,264,40.833333333333336,4.683333333333334
733,264,47.16666666666666,7.85
734,264,44.75,6.016666666666665
735,264,46.11666666666667,9.383333333333333
736,264,41.8,4.899999999999999
737,264,46.96666666666667,7.25
738,264,41.5,3.083333333333333
739,264,39.86666666666667,3.1833333333333345
740,264,38.56666666666667,3.9
741,264,43.21666666666667,4.133333333333333
742,264,46.71666666666667,4.466666666666665
743,264,48.583333333333336,9.66666666666667
744,264,45.0,3.9166666666666674
745,264,37.63333333333333,2.4833333333333334
746,264,57.65,18.016666666666666
747,264,43.1,5.183333333333333
748,264,44.25,6.983333333333332
749,264,51.8,10.183333333333334
750,264,49.7,8.799999999999999
751,264,41.1,5.016666666666666
752,264,44.5,5.533333333333333
753,264,42.65,4.2
754,264,52.98333333333333,11.666666666666664
755,264,44.23333333333333,5.566666666666665
756,264,44.43333333333333,4.766666666666667
757,264,54.46666666666667,11.416666666666666
758,264,43.75,4.416666666666667
759,264,48.083333333333336,5.550000000000001
760,264,49.86666666666667,7.916666666666663
761,264,41.95,4.3
762,264,44.93333333333333,4.316666666666668
763,264,51.45,6.716666666666668
764,264,38.66666666666666,3.0500000000000007
765,264,47.81666666666667,4.733333333333333
766,264,47.13333333333333,8.216666666666663
767,264,43.93333333333333,4.516666666666668
768,264,44.21666666666667,5.2333333333333325
769,264,45.75,3.9666666666666655
770,264,34.8,1.1666666666666667
771,264,35.61666666666667,2.066666666666667
772,264,50.46666666666667,6.833333333333333
773,264,50.68333333333333,5.2
774,264,39.3,2.533333333333334
775,264,42.06666666666667,4.816666666666667
776,264,45.53333333333333,5.666666666666666
777,264,54.13333333333333,10.883333333333333
778,264,41.6,4.449999999999998
779,264,48.56666666666667,3.999999999999999
780,264,39.23333333333333,6.966666666666664
781,264,49.06666666666667,5.966666666666667
782,264,42.766666666666666,4.0
783,264,45.66666666666666,7.1
784,264,47.36666666666667,5.583333333333332
785,264,45.15,5.033333333333335
786,264,29.183333333333334,1.4
787,264,45.5,4.766666666666667
788,264,46.43333333333333,5.783333333333333
789,264,51.5,10.133333333333336
790,264,43.95,3.8
791,264,49.66666666666666,6.083333333333334
792,264,54.5,11.1
793,264,53.56666666666667,10.466666666666663
794,264,50.1,8.049999999999999
795,264,45.36666666666667,5.916666666666666
796,274,50.4,7.349999999999998
797,274,62.0,7.833333333333332
798,274,54.18333333333333,7.766666666666664
799,274,50.56666666666667,6.550000000000001
800,274,59.21666666666667,10.333333333333336
801,274,40.56666666666667,3.5333333333333328
802,274,42.48333333333333,3.766666666666667
803,274,62.35,16.316666666666666
804,274,44.13333333333333,5.283333333333332
805,274,42.53333333333333,2.95
806,274,32.21666666666667,1.6333333333333333
807,274,41.0,2.9333333333333327
808,274,45.65,2.533333333333333
809,274,41.63333333333333,5.616666666666663
810,274,47.85,7.216666666666662
811,274,40.5,3.6166666666666663
812,274,40.333333333333336,5.033333333333331
813,274,38.016666666666666,4.45
814,274,45.38333333333333,3.516666666666666
815,274,45.05,8.266666666666666
816,274,56.13333333333333,11.35
817,274,50.71666666666667,10.349999999999998
818,274,47.86666666666667,5.216666666666667
819,274,48.6,10.133333333333333
820,274,43.71666666666667,4.300000000000001
821,274,45.583333333333336,4.116666666666666
822,274,43.43333333333333,4.733333333333333
823,274,39.41666666666666,2.6166666666666663
824,274,49.333333333333336,5.533333333333335
825,274,49.23333333333333,6.9499999999999975
826,274,36.46666666666667,2.1000000000000005
827,274,37.56666666666667,2.8500000000000005
828,274,50.63333333333333,4.499999999999999
829,274,46.083333333333336,5.716666666666666
830,274,48.55,5.716666666666668
831,274,45.38333333333333,5.099999999999999
832,274,47.95,6.216666666666667
833,274,55.65,17.716666666666665
834,274,40.06666666666667,1.6500000000000004
835,274,50.5,11.916666666666664
836,274,40.78333333333333,3.5
837,274,42.1,7.449999999999997
838,274,46.3,6.633333333333336
839,274,47.333333333333336,3.766666666666667
840,274,51.6,5.066666666666666
841,274,50.25,9.683333333333332
842,274,42.6,3.283333333333333
843,274,45.0,7.499999999999999
844,274,49.2,5.433333333333335
845,274,35.1,3.433333333333334
846,274,49.3,4.749999999999999
847,274,42.06666666666667,2.75
848,274,44.73333333333333,4.5
849,274,42.81666666666667,5.38333333333333
850,274,54.86666666666667,6.866666666666666
851,274,47.95,4.0
852,274,51.05,5.366666666666666
853,274,36.6,2.5166666666666666
854,274,41.13333333333333,3.116666666666667
855,274,40.93333333333333,4.933333333333331
856,274,45.85,4.000000000000001
857,274,43.833333333333336,3.383333333333333
858,274,44.0,2.316666666666667
859,274,39.333333333333336,3.5500000000000007
860,274,50.4,13.21666666666667
861,274,37.93333333333333,4.299999999999999
862,274,46.65,4.266666666666666
863,274,54.71666666666667,11.133333333333333
864,274,44.61666666666667,5.65
865,274,45.66666666666666,5.366666666666667
866,274,45.48333333333333,8.466666666666663
867,274,42.18333333333333,4.183333333333333
868,274,52.016666666666666,4.733333333333333
869,274,46.6,4.15
870,274,50.56666666666667,6.000000000000001
871,274,43.65,4.283333333333333
872,274,45.833333333333336,4.449999999999999
873,274,45.25,4.116666666666666
874,274,36.81666666666667,1.9666666666666668
875,274,41.88333333333333,5.766666666666666
876,274,49.083333333333336,3.783333333333333
877,274,42.93333333333333,5.683333333333331
878,274,41.91666666666666,4.15
879,274,47.03333333333333,3.9500000000000006
880,274,41.516666666666666,2.466666666666667
881,274,40.36666666666667,3.4666666666666672
882,274,51.516666666666666,6.550000000000001
883,274,43.516666666666666,3.3500000000000005
884,274,51.71666666666667,5.216666666666666
885,274,41.41666666666666,3.1333333333333333
886,274,40.61666666666667,3.85
887,274,44.78333333333333,3.0666666666666678
888,274,47.43333333333333,3.900000000000001
889,274,44.98333333333333,6.566666666666666
890,274,49.7,2.45
891,274,40.06666666666667,2.866666666666668
892,274,49.516666666666666,4.233333333333334
893,274,45.8,8.416666666666666
894,274,45.9,3.6833333333333336
895,274,62.583333333333336,17.43333333333333
896,274,46.2,2.6499999999999995
897,274,42.11666666666667,5.366666666666665
898,274,51.55,2.8833333333333333
899,274,57.5,12.249999999999998
900,274,42.11666666666667,3.05
901,274,41.53333333333333,3.3
902,274,40.73333333333333,3.2666666666666666
903,274,44.333333333333336,6.983333333333332
904,274,42.86666666666667,4.5
905,274,50.766666666666666,8.1
906,274,48.16666666666666,4.816666666666666
907,274,40.45,2.9166666666666665
908,274,35.9,2.733333333333333
909,274,44.66666666666666,5.633333333333333
910,274,50.38333333333333,5.749999999999999
911,274,52.53333333333333,8.083333333333332
912,274,46.16666666666666,4.583333333333333
913,274,50.61666666666667,9.45
914,274,50.333333333333336,6.05
915,274,52.36666666666667,8.466666666666667
916,274,48.6,4.766666666666668
917,274,44.98333333333333,6.800000000000001
918,274,47.583333333333336,5.083333333333333
919,274,47.16666666666666,5.75
920,274,49.11666666666667,5.299999999999999
921,274,49.2,6.8166666666666655
922,274,40.9,2.466666666666667
923,274,42.56666666666667,5.633333333333332
924,274,44.93333333333333,4.466666666666666
925,274,44.46666666666667,3.016666666666667
926,274,42.06666666666667,2.8833333333333337
927,274,46.016666666666666,6.766666666666663
928,274,46.48333333333333,4.183333333333334
929,274,45.81666666666667,3.566666666666665
930,274,40.73333333333333,3.783333333333333
931,275,41.73333333333333,4.483333333333334
932,275,48.85,6.716666666666666
933,275,46.75,4.766666666666667
934,275,48.13333333333333,6.233333333333333
935,275,51.46666666666667,7.35
936,275,48.61666666666667,5.266666666666668
937,275,48.16666666666666,3.8666666666666663
938,275,42.0,2.533333333333333
939,275,39.516666666666666,2.3166666666666664
940,275,44.16666666666666,4.583333333333333
941,275,49.333333333333336,6.866666666666664
942,275,53.9,12.499999999999998
943,275,40.66666666666666,3.9666666666666655
944,275,46.11666666666667,4.783333333333333
945,275,45.41666666666666,7.899999999999998
946,275,49.06666666666667,6.933333333333333
947,275,40.0,3.283333333333333
948,275,44.66666666666666,3.950000000000001
949,275,56.06666666666667,9.983333333333333
950,275,45.96666666666667,4.066666666666666
951,275,46.28333333333333,8.95
952,275,52.45,6.383333333333333
953,275,46.23333333333333,5.949999999999998
954,275,52.7,6.266666666666666
955,275,50.3,5.7833333333333306
956,275,55.7,12.500000000000002
957,275,45.583333333333336,5.416666666666666
958,275,49.9,3.2333333333333334
959,275,46.083333333333336,7.849999999999998
960,275,55.56666666666667,11.316666666666666
961,275,37.9,2.7999999999999994
962,275,46.88333333333333,4.866666666666665
963,275,47.46666666666667,8.866666666666665
964,275,44.43333333333333,3.3166666666666678
965,275,44.3,5.233333333333332
966,275,45.35,3.4833333333333334
967,275,45.8,6.016666666666666
968,275,54.8,7.233333333333332
969,279,47.7,7.633333333333331
970,279,45.48333333333333,3.25
971,279,57.35,9.233333333333334
972,279,52.05,4.5666666666666655
973,279,59.8,9.5
974,279,31.933333333333334,1.2333333333333334
975,279,45.35,6.249999999999995
976,279,42.0,5.4833333333333325
977,279,41.3,3.400000000000001
978,279,49.43333333333333,7.166666666666663
979,279,42.93333333333333,3.6000000000000014
980,279,36.21666666666667,2.2833333333333328
981,279,37.95,3.633333333333333
982,279,37.91666666666666,1.85
983,279,41.28333333333333,5.933333333333333
984,279,45.36666666666667,5.65
985,279,41.78333333333333,4.550000000000001
986,279,40.63333333333333,3.266666666666667
987,279,42.9,5.416666666666667
988,279,45.38333333333333,4.916666666666665
989,279,54.35,11.950000000000005
990,279,45.18333333333333,5.016666666666666
991,279,45.81666666666667,5.733333333333333
992,279,44.81666666666667,4.266666666666666
993,279,43.516666666666666,4.866666666666665
994,279,46.11666666666667,4.633333333333333
995,279,51.28333333333333,8.133333333333333
996,279,35.95,3.666666666666666
997,279,44.73333333333333,4.966666666666666
998,279,50.23333333333333,5.499999999999999
999,279,49.45,7.18333333333333
1000,279,48.85,8.566666666666666
1001,279,46.43333333333333,7.499999999999999
1002,279,52.71666666666667,7.633333333333333
1003,279,38.16666666666666,4.1
1004,279,44.85,4.699999999999999
1005,279,44.56666666666667,7.966666666666666
1006,279,59.2,7.216666666666666
1007,279,51.93333333333333,4.799999999999999
1008,279,40.516666666666666,5.316666666666666
1009,279,56.93333333333333,14.549999999999995
1010,279,46.63333333333333,4.550000000000001
1011,279,44.766666666666666,6.016666666666664
1012,279,46.333333333333336,4.933333333333332
1013,279,46.5,7.78333333333333
1014,279,44.73333333333333,4.616666666666667
1015,279,46.583333333333336,8.066666666666666
1016,279,47.266666666666666,7.066666666666665
1017,279,42.63333333333333,4.716666666666666
1018,279,49.1,6.016666666666665
1019,279,44.16666666666666,6.683333333333334
1020,279,44.93333333333333,4.583333333333333
1021,279,38.35,4.083333333333333
1022,279,51.15,7.199999999999998
1023,279,48.88333333333333,8.466666666666663
1024,279,48.766666666666666,7.499999999999999
1025,279,41.48333333333333,4.533333333333332
1026,279,39.06666666666667,2.466666666666667
1027,279,42.93333333333333,4.766666666666666
1028,279,53.6,7.733333333333333
1029,279,47.75,6.95
1030,279,51.61666666666667,5.533333333333332
1031,279,34.11666666666667,2.4500000000000006
1032,279,47.266666666666666,4.45
1033,279,47.31666666666667,7.3
1034,279,49.11666666666667,5.366666666666668
1035,279,45.53333333333333,2.816666666666667
1036,279,44.81666666666667,3.2833333333333328
1037,279,37.78333333333333,3.6
1038,279,55.8,9.45
1039,279,41.516666666666666,6.783333333333332
1040,279,47.2,6.133333333333333
1041,279,44.46666666666667,5.483333333333331
1042,279,41.18333333333333,4.733333333333332
1043,279,47.15,7.8
1044,279,44.516666666666666,4.683333333333333
1045,279,44.31666666666667,5.033333333333332
1046,279,47.05,4.15
1047,279,43.333333333333336,4.283333333333333
1048,279,41.2,3.1833333333333336
1049,279,51.583333333333336,6.949999999999999
1050,279,38.53333333333333,2.8500000000000005
1051,279,44.3,6.033333333333334
1052,279,49.53333333333333,4.783333333333334
1053,279,47.36666666666667,4.366666666666666
1054,279,35.766666666666666,2.933333333333333
1055,279,39.81666666666667,5.4
1056,279,45.65,3.266666666666667
1057,279,44.66666666666666,4.449999999999999
1058,279,51.68333333333333,5.383333333333333
1059,279,47.78333333333333,4.533333333333333
1060,279,45.96666666666667,4.416666666666666
1061,279,44.63333333333333,4.516666666666667
1062,279,45.35,3.6333333333333337
1063,279,44.333333333333336,5.533333333333331
1064,279,52.91666666666666,6.216666666666666
1065,279,50.083333333333336,7.883333333333334
1066,279,46.016666666666666,2.8166666666666678
1067,279,45.31666666666667,5.666666666666669
1068,279,34.05,1.7666666666666666
1069,279,45.81666666666667,5.6000000000000005
1070,279,47.05,4.433333333333335
1071,279,50.48333333333333,7.833333333333332
1072,279,52.5,6.200000000000001
1073,279,42.583333333333336,4.983333333333332
1074,279,61.46666666666667,11.8
1075,279,52.55,9.85
1076,279,69.5,19.399999999999995
1077,279,44.75,4.683333333333333
1078,279,50.06666666666667,4.833333333333335
1079,279,48.016666666666666,7.583333333333332
1080,279,49.9,5.516666666666666
1081,279,44.05,3.133333333333333
1082,279,47.85,3.9166666666666665
1083,279,47.48333333333333,6.8
1084,279,44.23333333333333,5.366666666666668
1085,279,46.36666666666667,4.449999999999999
1086,279,42.45,3.4333333333333336
1087,279,43.48333333333333,3.666666666666667
1088,279,51.53333333333333,4.033333333333334
1089,279,52.48333333333333,7.65
1090,279,48.6,5.65
1091,279,49.21666666666667,7.483333333333333
1092,279,40.0,2.7666666666666666
1093,279,43.9,7.083333333333332
1094,279,56.9,8.699999999999998
1095,279,53.48333333333333,11.583333333333334
1096,279,48.516666666666666,4.800000000000001
1097,279,45.98333333333333,5.416666666666666
1098,279,52.61666666666667,4.499999999999999
1099,279,49.3,7.633333333333333
1100,279,48.05,3.85
1101,279,50.03333333333333,5.066666666666668
1102,279,40.8,3.9666666666666655
1103,284,40.266666666666666,3.166666666666667
1104,284,34.55,2.6666666666666665
1105,284,23.9,0.7333333333333334
1106,284,20.28333333333333,1914.3666666666663
1107,284,40.2,3.433333333333332
1108,284,38.23333333333333,2.4666666666666672
1109,284,38.61666666666667,3.4666666666666663
1110,284,43.46666666666667,4.033333333333333
1111,284,42.56666666666667,4.649999999999999
1112,284,43.85,2.783333333333333
1113,284,43.583333333333336,3.766666666666668
1114,284,39.1,1.6
1115,284,44.016666666666666,3.95
1116,284,45.65,4.933333333333334
1117,284,42.31666666666667,3.900000000000001
1118,284,47.15,3.9
1119,284,36.6,1.666666666666667
1120,284,47.516666666666666,4.716666666666668
1121,284,40.1,3.9666666666666655
1122,284,46.88333333333333,4.2333333333333325
1123,284,40.55,4.133333333333334
1124,284,51.88333333333333,7.333333333333333
1125,284,35.21666666666667,2.433333333333334
1126,284,44.0,4.699999999999999
1127,284,40.86666666666667,3.533333333333333
1128,284,47.5,5.566666666666665
1129,284,45.96666666666667,5.799999999999999
1130,284,49.13333333333333,4.933333333333333
1131,284,39.43333333333333,2.033333333333333
1132,284,51.23333333333333,3.466666666666667
1133,284,42.28333333333333,3.4333333333333336
1134,284,45.833333333333336,3.1833333333333336
1135,284,47.583333333333336,8.433333333333334
1136,284,46.35,3.116666666666668
1137,284,44.66666666666666,4.483333333333333
1138,284,41.96666666666667,1.9500000000000004
1139,284,41.95,5.983333333333331
1140,284,52.3,8.566666666666668
1141,284,42.91666666666666,3.333333333333333
1142,284,46.266666666666666,4.300000000000001
1143,284,42.833333333333336,4.733333333333332
1144,284,33.983333333333334,1.3000000000000005
1145,284,41.13333333333333,3.650000000000001
1146,284,44.71666666666667,3.066666666666667
1147,284,50.5,10.233333333333334
1148,284,49.98333333333333,3.8
1149,284,35.46666666666667,1.866666666666667
1150,284,47.06666666666667,5.999999999999999
1151,284,49.15,5.533333333333333
1152,284,59.766666666666666,10.016666666666664
1153,284,52.28333333333333,4.666666666666666
1154,284,50.333333333333336,2.883333333333334
1155,284,40.55,2.25
1156,284,44.8,3.166666666666667
1157,284,45.1,6.499999999999998
1158,284,41.95,3.0
1159,284,46.3,3.3833333333333333
1160,284,42.2,3.166666666666666
1161,284,40.25,2.8
1162,284,44.73333333333333,2.6500000000000004
1163,284,45.96666666666667,3.75
1164,284,51.16666666666666,3.9
1165,284,48.06666666666667,3.833333333333335
1166,284,43.96666666666667,3.350000000000001
1167,284,40.66666666666666,4.933333333333334
1168,284,46.21666666666667,3.083333333333333
1169,284,85.6,43.64999999999999
1170,284,50.4,7.300000000000001
1171,284,43.95,2.1333333333333333
1172,284,32.75,2.333333333333334
1173,284,33.81666666666667,2.116666666666667
1174,284,45.95,1.8833333333333333
1175,284,44.85,5.016666666666665
1176,284,41.63333333333333,4.15
1177,284,40.1,3.5000000000000004
1178,284,38.083333333333336,2.7333333333333334
1179,284,34.88333333333333,2.45
1180,284,51.13333333333333,8.433333333333332
1181,284,44.25,3.5500000000000003
1182,284,46.63333333333333,4.166666666666667
1183,284,40.53333333333333,2.7500000000000004
1184,284,35.85,1.6833333333333336
1185,284,43.4,4.75
1186,284,38.28333333333333,1.2
1187,505,32.35,2.2
1188,505,45.3,2.5166666666666675
1189,505,59.6,8.166666666666663
1190,505,53.31666666666667,4.849999999999999
1191,505,51.766666666666666,6.200000000000002
1192,505,48.55,4.433333333333335
1193,505,35.53333333333333,2.3500000000000005
1194,505,56.66666666666666,16.016666666666666
1195,505,45.46666666666667,7.883333333333333
1196,505,47.43333333333333,6.283333333333332
1197,505,42.766666666666666,5.7333333333333325
1198,505,51.53333333333333,5.033333333333333
1199,505,33.95,2.083333333333334
1200,505,50.48333333333333,7.416666666666665
1201,505,34.63333333333333,1.9
1202,505,45.6,5.666666666666664
1203,505,39.13333333333333,4.266666666666668
1204,505,35.68333333333333,0.9333333333333336
1205,505,41.5,4.7333333333333325
1206,505,45.833333333333336,4.066666666666666
1207,505,32.65,1.7833333333333337
1208,505,48.016666666666666,4.233333333333334
1209,505,38.38333333333333,3.7666666666666666
1210,505,39.583333333333336,3.166666666666667
1211,505,54.88333333333333,11.183333333333334
1212,505,44.4,4.1
1213,505,33.083333333333336,1.6833333333333338
1214,505,36.833333333333336,3.15
1215,505,48.016666666666666,7.483333333333334
1216,505,46.43333333333333,6.166666666666666
1217,505,46.13333333333333,6.033333333333332
1218,505,48.53333333333333,7.283333333333332
1219,505,31.566666666666663,1.2166666666666668
1220,505,41.5,1.1166666666666667
1221,505,42.23333333333333,5.7333333333333325
1222,505,46.833333333333336,5.299999999999997
1223,505,51.833333333333336,7.6
1224,505,45.35,8.283333333333331
1225,505,33.333333333333336,1.9333333333333331
1226,505,46.15,6.199999999999998
1227,505,44.06666666666667,4.883333333333333
1228,505,43.8,4.2
1229,505,43.96666666666667,5.916666666666665
1230,505,44.1,3.633333333333333
1231,505,32.96666666666667,1.6833333333333331
1232,505,42.86666666666667,3.766666666666667
1233,505,46.41666666666666,4.7333333333333325
1234,505,38.38333333333333,1.8333333333333333
1235,505,48.833333333333336,8.916666666666668
1236,505,47.78333333333333,5.55
1237,505,33.733333333333334,1.65
1238,505,44.98333333333333,5.716666666666665
1239,505,41.083333333333336,2.65
1240,505,40.63333333333333,3.15
1241,505,42.333333333333336,2.3500000000000005
1242,505,45.61666666666667,2.9666666666666663
1243,505,32.85,2.5500000000000003
1244,505,173.73333333333332,123.08333333333331
1245,505,41.36666666666667,5.466666666666664
1246,505,46.13333333333333,5.816666666666667
1247,505,46.25,5.983333333333334
1248,505,43.43333333333333,2.583333333333334
1249,505,34.016666666666666,2.383333333333333
1250,505,40.31666666666667,3.2333333333333334
1251,505,49.95,6.116666666666666
1252,505,41.23333333333333,2.7
1253,505,45.18333333333333,5.116666666666665
1254,505,49.38333333333333,7.499999999999999
1255,505,31.73333333333333,2.2166666666666672
1256,505,49.13333333333333,6.216666666666665
1257,505,42.96666666666667,6.066666666666664
1258,505,48.11666666666667,4.15
1259,505,47.63333333333333,7.133333333333332
1260,505,43.11666666666667,2.8166666666666678
1261,505,32.78333333333333,1.9833333333333332
1262,505,49.18333333333333,7.7
1263,505,39.96666666666667,3.1000000000000005
1264,505,46.38333333333333,3.8
1265,505,45.81666666666667,4.55
1266,505,50.21666666666667,6.499999999999998
1267,505,31.6,1.9666666666666663
1268,505,43.9,4.750000000000001
1269,505,42.81666666666667,5.05
1270,505,47.016666666666666,4.933333333333334
1271,505,43.05,4.050000000000001
1272,505,49.88333333333333,5.1000000000000005
1273,505,32.11666666666667,2.0333333333333337
1274,505,49.18333333333333,6.266666666666666
1275,505,45.6,3.983333333333334
1276,505,47.8,4.1000000000000005
1277,505,44.85,4.283333333333334
1278,505,49.23333333333333,4.9
1279,505,30.0,1.15
1280,505,45.78333333333333,4.116666666666666
1281,505,44.85,4.166666666666665
1282,505,50.96666666666667,5.799999999999999
1283,505,47.95,4.983333333333332
1284,505,51.0,9.76666666666666
1285,505,47.6,4.466666666666667
1286,505,47.4,3.9500000000000006
1287,505,33.18333333333333,2.45
1288,505,46.21666666666667,3.666666666666666
1289,505,44.05,5.183333333333333
1290,505,46.516666666666666,5.266666666666668
1291,505,45.25,4.616666666666665
1292,505,46.68333333333333,4.466666666666666
1293,505,37.41666666666666,3.150000000000001
1294,505,46.55,5.166666666666667
1295,505,49.98333333333333,4.833333333333334
1296,505,42.516666666666666,3.366666666666667
1297,505,33.68333333333333,2.333333333333334
1298,505,41.06666666666667,4.866666666666665
1299,505,43.4,4.4
1300,505,48.81666666666667,5.199999999999999
1301,505,49.93333333333333,5.533333333333332
1302,505,46.9,4.550000000000001
1303,505,31.666666666666668,2.316666666666667
1304,505,44.9,4.516666666666668
1305,505,44.43333333333333,5.7333333333333325
1306,505,52.266666666666666,7.85
1307,505,45.06666666666667,4.066666666666666
1308,505,50.46666666666667,3.216666666666667
1309,505,31.433333333333334,1.0166666666666668
1310,505,45.15,3.8
1311,505,52.15,8.583333333333332
1312,505,54.7,5.533333333333333
1313,505,47.23333333333333,5.849999999999999
1314,505,50.13333333333333,3.25
1315,505,32.38333333333333,2.016666666666667
1316,505,47.31666666666667,5.466666666666666
1317,505,46.3,5.033333333333333
1318,505,47.75,3.85
1319,505,45.266666666666666,6.733333333333332
1320,505,44.68333333333333,4.416666666666667
1321,505,43.56666666666667,4.749999999999999
1322,505,53.266666666666666,6.416666666666666
1323,513,44.13333333333333,4.2
1324,513,53.15,5.300000000000001
1325,513,47.75,7.516666666666665
1326,513,43.06666666666667,2.5666666666666678
1327,513,45.11666666666667,6.799999999999998
1328,513,55.6,12.666666666666666
1329,513,44.516666666666666,5.016666666666665
1330,513,40.18333333333333,3.116666666666668
1331,513,55.25,16.45
1332,513,42.833333333333336,4.383333333333334
1333,513,49.7,8.33333333333333
1334,513,57.25,7.416666666666667
1335,513,45.15,4.3500000000000005
1336,513,43.516666666666666,4.233333333333334
1337,513,54.95,8.766666666666664
1338,513,44.16666666666666,2.7
1339,513,48.3,6.999999999999999
1340,513,52.03333333333333,5.233333333333334
1341,513,40.68333333333333,4.250000000000001
1342,513,50.73333333333333,6.299999999999998
1343,513,52.96666666666667,9.733333333333327
1344,513,48.88333333333333,4.783333333333334
1345,513,48.766666666666666,6.099999999999999
1346,513,44.98333333333333,5.466666666666667
1347,513,56.25,12.583333333333334
1348,513,52.41666666666666,8.549999999999999
1349,513,45.833333333333336,6.200000000000001
1350,513,49.78333333333333,8.466666666666667
1351,513,49.333333333333336,7.566666666666663
1352,513,54.63333333333333,11.116666666666667
1353,513,48.18333333333333,3.866666666666668
1354,513,54.333333333333336,5.816666666666665
1355,513,41.93333333333333,4.566666666666668
1356,513,45.05,4.033333333333334
1357,513,45.45,5.783333333333331
1358,513,51.516666666666666,7.716666666666665
1359,513,47.4,6.933333333333331
1360,513,51.4,4.000000000000001
1361,513,53.55,10.750000000000004
1362,513,34.65,1.5666666666666669
1363,513,35.733333333333334,3.916666666666667
1364,513,53.46666666666667,6.950000000000002
1365,513,47.016666666666666,6.516666666666667
1366,513,48.75,5.533333333333332
1367,513,48.05,4.316666666666668
1368,513,49.88333333333333,5.449999999999999
1369,513,45.81666666666667,3.683333333333334
1370,513,52.53333333333333,7.399999999999999
1371,513,51.68333333333333,9.4
1372,513,52.0,4.466666666666667
1373,513,48.083333333333336,7.166666666666666
1374,513,52.66666666666666,5.533333333333332
1375,513,47.333333333333336,6.000000000000003
1376,513,47.95,5.333333333333332
1377,513,48.11666666666667,5.099999999999999
1378,513,50.333333333333336,4.833333333333334
1379,513,48.66666666666666,11.833333333333334
1380,513,53.0,8.78333333333333
1381,513,45.18333333333333,7.08333333333333
1382,513,53.43333333333333,7.199999999999999
1383,513,50.86666666666667,7.133333333333333
1384,513,47.4,5.516666666666667
1385,513,45.31666666666667,3.5
1386,513,46.766666666666666,4.433333333333333
1387,513,52.5,9.35
1388,513,49.41666666666666,7.666666666666667
1389,513,43.2,6.633333333333334
1390,513,51.28333333333333,3.183333333333334
1391,513,54.25,7.066666666666665
1392,513,56.56666666666667,13.966666666666663
1393,513,51.55,5.549999999999999
1394,513,44.03333333333333,5.116666666666665
1395,513,44.43333333333333,4.566666666666667
1396,513,45.05,3.0333333333333337
1397,513,51.583333333333336,10.4
1398,513,55.5,7.266666666666667
1399,513,46.65,3.3999999999999995
1400,513,50.03333333333333,6.999999999999996
1401,513,51.9,7.399999999999998
1402,513,40.81666666666667,2.1333333333333337
1403,513,45.333333333333336,7.549999999999999
1404,513,44.0,2.966666666666667
1405,513,47.55,6.533333333333331
1406,513,48.28333333333333,4.816666666666667
1407,513,49.3,6.150000000000001
1408,513,46.833333333333336,2.833333333333333
1409,513,41.85,3.95
1410,513,45.2,3.900000000000001
1411,513,48.8,5.616666666666664
1412,513,65.91666666666667,25.216666666666672
1413,513,48.63333333333333,5.049999999999999
1414,513,42.0,4.55
1415,513,43.56666666666667,5.483333333333334
1416,513,47.06666666666667,7.733333333333334
1417,513,48.66666666666666,6.799999999999997
1418,513,54.71666666666667,11.48333333333333
1419,513,48.61666666666667,5.983333333333332
1420,513,50.583333333333336,9.33333333333333
1421,513,42.85,5.966666666666664
1422,513,50.41666666666666,9.283333333333337
1423,513,44.73333333333333,6.083333333333334
1424,513,51.61666666666667,9.55
1425,513,46.75,3.833333333333334
1426,513,42.3,2.65
1427,513,43.766666666666666,6.199999999999999
1428,513,54.71666666666667,5.783333333333331
1429,513,50.13333333333333,7.900000000000001
1430,513,49.36666666666667,6.383333333333331
1431,513,53.95,10.050000000000002
1432,513,30.45,1.5333333333333332
1433,513,45.583333333333336,9.1
1434,513,45.31666666666667,2.8166666666666678
1435,513,48.63333333333333,6.049999999999998
1436,513,48.23333333333333,4.983333333333332
1437,513,50.083333333333336,5.699999999999999
1438,513,49.93333333333333,5.55
1439,513,57.43333333333333,11.816666666666665
1440,513,46.4,3.333333333333334
1441,513,53.266666666666666,8.133333333333333
1442,513,53.48333333333333,11.18333333333333
1443,513,49.8,9.366666666666664
1444,513,37.61666666666667,4.000000000000001
1445,513,49.93333333333333,5.233333333333333
1446,513,41.95,3.433333333333334
1447,550,23.683333333333334,0.1333333333333333
1448,550,26.8,0.5166666666666666
1449,1143,60.43333333333333,12.5
1450,1143,58.48333333333333,11.7
1451,1143,49.6,4.333333333333334
1452,1143,48.36666666666667,4.833333333333333
1453,1143,44.56666666666667,3.35
1454,1143,50.333333333333336,4.733333333333333
1455,1143,44.98333333333333,9.483333333333334
1456,1143,43.266666666666666,4.116666666666666
1457,1143,44.583333333333336,3.316666666666667
1458,1143,44.833333333333336,3.6
1459,1143,39.05,3.5500000000000003
1460,1143,40.38333333333333,2.6833333333333336
1461,1143,42.66666666666666,5.833333333333334
1462,1143,53.66666666666666,11.25
1463,1143,50.81666666666667,7.1000000000000005
1464,1143,48.15,6.5
1465,1143,37.86666666666667,3.733333333333333
1466,1143,44.28333333333333,4.65
1467,1143,46.53333333333333,11.716666666666669
1468,1143,43.43333333333333,3.783333333333333
1469,1143,43.55,3.166666666666667
1470,1143,44.15,3.6
1471,1143,39.48333333333333,3.1833333333333336
1472,1143,41.583333333333336,6.983333333333333
1473,1143,44.2,3.666666666666667
1474,1143,42.15,3.5
1475,1143,42.9,4.583333333333334
1476,1143,44.36666666666667,5.166666666666667
1477,1143,41.41666666666666,4.183333333333334
1478,1143,47.88333333333333,6.65
1479,1143,42.81666666666667,3.9
1480,1143,46.8,5.7
1481,1143,50.86666666666667,11.466666666666669
1482,1143,50.25,9.733333333333334
1483,1143,46.36666666666667,4.416666666666667
1484,1143,46.93333333333333,6.183333333333334
1485,1143,40.3,4.5
1486,1143,40.46666666666667,4.016666666666667
1487,1143,45.8,2.25
1488,1143,45.31666666666667,6.983333333333333
1489,1143,54.98333333333333,8.55
1490,1143,42.766666666666666,4.983333333333333
1491,1143,43.28333333333333,2.8833333333333333
1492,1143,42.6,7.15
1493,1143,49.0,7.633333333333334
1494,1143,46.73333333333333,7.0
1495,1143,46.9,5.0
1496,1143,45.7,4.4
1497,1143,35.016666666666666,1.45
1498,1143,39.86666666666667,3.433333333333333
1499,1143,46.93333333333333,4.716666666666667
1500,1143,47.41666666666666,7.416666666666667
1501,1143,45.53333333333333,4.333333333333334
1502,1143,45.31666666666667,3.75
1503,1143,39.11666666666667,2.2333333333333334
1504,1143,44.18333333333333,4.316666666666666
1505,1143,46.41666666666666,3.333333333333333
1506,1143,47.85,5.25
1507,1143,41.8,3.3666666666666667
1508,1143,51.35,7.116666666666667
1509,1143,41.06666666666667,5.533333333333334
1510,1143,45.06666666666667,5.4
1511,1143,51.18333333333333,4.5
1512,1143,47.21666666666667,6.583333333333334
1513,1143,40.13333333333333,2.6166666666666667
1514,1143,48.516666666666666,6.183333333333334
1515,1143,43.23333333333333,3.7666666666666666
1516,1143,45.41666666666666,4.55
1517,1143,43.45,5.966666666666667
1518,1143,45.48333333333333,4.266666666666667
1519,1143,56.4,16.2
1520,1143,48.516666666666666,4.0
1521,1143,46.65,7.133333333333334
1522,1143,44.0,6.25
1523,1143,46.083333333333336,2.6166666666666667
1524,1143,45.46666666666667,5.166666666666666
1525,1143,59.71666666666667,11.816666666666666
1526,1143,42.81666666666667,3.0
1527,1143,40.63333333333333,2.6833333333333336
1528,1143,38.66666666666666,1.9
1529,1143,46.63333333333333,3.5
1530,1143,47.23333333333333,5.0
1531,1143,50.833333333333336,6.3500000000000005
1532,1143,51.516666666666666,5.4
1533,1143,45.333333333333336,4.416666666666667
1534,1143,39.11666666666667,2.3666666666666667
1535,1143,43.06666666666667,3.75
1536,1143,46.31666666666667,5.466666666666667
1537,1143,54.28333333333333,11.233333333333333
1538,1143,39.81666666666667,3.25
1539,1143,44.3,3.733333333333333
1540,1143,45.75,5.516666666666667
1541,1143,43.3,2.75
1542,1143,50.1,5.683333333333334
1543,1143,50.833333333333336,6.5
1544,1143,44.35,4.983333333333333
1545,1143,46.2,2.966666666666667
1546,1143,42.31666666666667,5.033333333333333
1547,1143,47.96666666666667,4.05
1548,1143,48.28333333333333,8.783333333333333
1549,1143,56.266666666666666,15.1
1550,1143,44.23333333333333,6.666666666666667
1551,1143,45.2,3.6833333333333336
1552,1143,47.41666666666666,7.9
1553,1143,49.9,3.816666666666667
1554,1143,49.16666666666666,8.9
1555,1143,58.3,13.666666666666666
1556,1143,49.583333333333336,6.733333333333333
1557,1143,46.766666666666666,4.25
1558,1143,40.25,4.5
1559,1143,45.93333333333333,3.833333333333333
1560,1143,50.48333333333333,7.4
1561,1143,57.71666666666667,15.683333333333332
1562,1143,52.75,11.966666666666669
1563,1143,40.13333333333333,3.033333333333333
1564,1143,45.45,5.666666666666667
1565,1143,56.95,6.05
1566,1143,54.3,8.666666666666666
1567,1143,44.06666666666667,4.2333333333333325
1568,1166,49.85,4.933333333333334
1569,1166,58.36666666666667,9.766666666666666
1570,1166,58.81666666666667,10.516666666666666
1571,1166,56.18333333333333,8.483333333333334
1572,1166,53.55,2.9000000000000004
1573,1166,58.05,5.933333333333334
1574,1166,53.25,4.95
1575,1166,49.016666666666666,3.6666666666666665
1576,1166,56.36666666666667,7.383333333333334
1577,1166,55.25,3.75
1578,1166,65.0,9.75
1579,1166,43.21666666666667,4.866666666666667
1580,1166,52.96666666666667,6.916666666666667
1581,1166,46.31666666666667,8.516666666666666
1582,1166,50.13333333333333,6.466666666666667
1583,1166,48.96666666666667,3.966666666666667
1584,1166,49.81666666666667,3.45
1585,1166,48.63333333333333,7.2
1586,1166,58.38333333333333,11.283333333333331
1587,1166,47.36666666666667,6.550000000000001
1588,1166,53.55,6.300000000000001
1589,1166,46.98333333333333,4.716666666666667
1590,1166,128.73333333333332,89.83333333333334
1591,1166,43.266666666666666,3.8333333333333335
1592,1166,48.4,3.05
1593,1166,46.85,4.583333333333334
1594,1166,59.56666666666667,7.5166666666666675
1595,1166,47.18333333333333,4.95
1596,1166,50.55,7.966666666666668
1597,1166,40.31666666666667,1.5
1598,1166,47.516666666666666,3.65
1599,1166,47.766666666666666,5.816666666666666
1600,1166,48.0,5.35
1601,1166,45.516666666666666,5.0
1602,1166,46.083333333333336,2.25
1603,1166,44.93333333333333,4.25
1604,1166,50.41666666666666,5.683333333333334
1605,1166,44.6,4.05
1606,1166,50.65,4.35
1607,1166,43.583333333333336,4.35
1608,1166,46.78333333333333,2.8833333333333333
1609,1166,52.11666666666667,6.4
1610,1166,47.38333333333333,4.5
1611,1166,208.95,168.41666666666669
1612,1166,102.56666666666666,56.41666666666666
1613,1166,190.33333333333331,143.11666666666667
1614,1166,45.016666666666666,3.0166666666666666
1615,1166,43.63333333333333,3.216666666666667
1616,1166,47.15,6.550000000000001
1617,1166,41.96666666666667,2.3833333333333333
1618,1166,140.08333333333334,88.98333333333333
1619,1166,46.48333333333333,3.75
1620,1166,45.016666666666666,3.9333333333333336
1621,1166,52.9,5.0
1622,1166,45.23333333333333,4.916666666666666
1623,1166,50.15,3.5
1624,1166,50.25,6.683333333333334
1625,1166,50.21666666666667,7.45
1626,1166,49.05,4.016666666666667
1627,1166,50.61666666666667,7.783333333333333
1628,1166,55.2,7.466666666666667
1629,1166,48.18333333333333,4.666666666666667
1630,1166,44.25,3.75
1631,1166,47.35,3.95
1632,1166,49.06666666666667,7.616666666666667
1633,1166,51.18333333333333,5.05
1634,1166,48.8,3.4333333333333336
1635,1166,53.88333333333333,4.783333333333333
1636,1166,56.61666666666667,5.5
1637,1166,49.85,3.3666666666666667
1638,1166,52.15,3.5
1639,1166,54.45,5.583333333333334
1640,1166,49.46666666666667,8.166666666666666
1641,1166,49.75,3.9
1642,1166,51.73333333333333,5.5
1643,1166,56.333333333333336,5.833333333333333
1644,1166,49.6,7.75
1645,1166,51.833333333333336,3.2333333333333334
1646,1166,51.48333333333333,7.133333333333334
1647,1166,50.63333333333333,4.75
1648,1166,47.23333333333333,3.6666666666666665
1649,1166,51.13333333333333,2.966666666666667
1650,1166,46.96666666666667,6.916666666666667
1651,1166,51.15,3.45
1652,1166,50.75,4.216666666666667
1653,1166,53.31666666666667,7.75
1654,1166,50.3,6.683333333333334
1655,1166,51.95,5.95
1656,1166,48.4,6.8
1657,1166,49.333333333333336,7.716666666666667
1658,1166,47.96666666666667,3.75
1659,1166,49.06666666666667,5.366666666666667
1660,1166,51.1,8.8
1661,1166,48.15,6.083333333333334
1662,1166,50.53333333333333,9.7
1663,1166,52.9,7.366666666666667
1664,1166,52.65,5.0
1665,1166,45.31666666666667,4.0
1666,1358,42.95,1.8
1667,1358,54.0,10.316666666666666
1668,1358,59.66666666666666,11.816666666666666
1669,1358,55.8,6.166666666666666
1670,1358,54.81666666666667,5.333333333333333
1671,1358,50.5,5.066666666666666
1672,1358,46.833333333333336,2.3666666666666667
1673,1358,49.48333333333333,2.8
1674,1358,61.15,10.316666666666666
1675,1358,52.5,5.25
1676,1358,52.516666666666666,6.766666666666667
1677,1358,42.31666666666667,5.033333333333333
1678,1358,51.66666666666666,10.916666666666666
1679,1358,45.766666666666666,3.5
1680,1358,40.68333333333333,3.7
1681,1358,56.81666666666667,8.366666666666667
1682,1358,39.38333333333333,1.3
1683,1358,42.016666666666666,2.166666666666667
1684,1358,33.93333333333333,1.1666666666666667
1685,1358,38.88333333333333,3.2500000000000004
1686,1358,36.71666666666667,2.15
1687,1358,38.95,2.85
1688,1358,41.7,5.7
1689,1358,41.68333333333333,2.1833333333333336
1690,1358,34.766666666666666,0.9166666666666669
1691,1358,38.23333333333333,0.7333333333333334
1692,1358,41.03333333333333,3.0500000000000003
1693,1358,49.1,4.7
1694,1358,42.0,4.45
1695,1358,38.25,2.0666666666666664
1696,1358,42.35,3.966666666666667
1697,1358,44.31666666666667,3.45
1698,1358,46.3,5.316666666666666
1699,1358,57.45,13.616666666666667
1700,1358,46.38333333333333,4.683333333333334
1701,1358,44.28333333333333,3.9333333333333336
1702,1358,40.56666666666667,4.316666666666667
1703,1358,47.36666666666667,4.383333333333334
1704,1358,40.583333333333336,3.3500000000000005
1705,1358,41.63333333333333,4.433333333333334
1706,1358,42.16666666666666,3.9
1707,1358,43.73333333333333,2.0
1708,1358,40.93333333333333,2.783333333333333
1709,1358,43.8,2.033333333333333
1710,1358,44.46666666666667,4.75
1711,1358,42.48333333333333,3.2
1712,1358,40.85,3.35
1713,1358,44.3,5.05
1714,1358,42.16666666666666,4.416666666666666
1715,1358,50.9,4.25
1716,1358,43.56666666666667,3.6666666666666665
1717,1358,43.43333333333333,4.633333333333334
1718,1358,38.333333333333336,3.366666666666667
1719,1358,41.016666666666666,2.6
1720,1358,43.6,4.800000000000001
1721,1358,49.86666666666667,6.516666666666668
1722,1358,42.61666666666667,2.95
1723,1358,40.35,2.0166666666666666
1724,1358,38.6,3.433333333333333
1725,1358,188.7,149.7
1726,1358,48.0,6.883333333333333
1727,1358,46.6,4.966666666666667
1728,1358,44.766666666666666,3.916666666666667
1729,1358,42.86666666666667,3.1
1730,1358,51.333333333333336,9.583333333333334
1731,1358,54.61666666666667,9.616666666666667
1732,1358,44.4,4.416666666666667
1733,1358,42.61666666666667,2.2
1734,1358,34.166666666666664,1.25
1735,1358,47.2,2.8666666666666667
1736,1358,43.43333333333333,5.666666666666667
1737,1358,49.85,6.4
1738,1358,42.11666666666667,3.05
1739,1358,43.25,2.45
1740,1358,49.13333333333333,6.05
1741,1358,41.88333333333333,1.8166666666666669
1742,1358,45.63333333333333,5.483333333333334
1743,1358,55.98333333333333,10.45
1744,1358,44.78333333333333,6.166666666666667
1745,1358,55.03333333333333,6.433333333333334
1746,1358,50.45,9.433333333333334
1747,1358,43.333333333333336,1.9333333333333331
1748,1358,47.28333333333333,3.983333333333333
1749,1358,50.96666666666667,4.866666666666667
1750,1358,45.18333333333333,3.3833333333333337
1751,1358,46.66666666666666,3.6833333333333336
1752,1358,39.7,1.9333333333333331
1753,1358,41.25,2.466666666666667
1754,1358,43.93333333333333,5.133333333333333
1755,1358,55.5,8.35
1756,1358,47.16666666666666,5.033333333333333
1757,1358,45.25,3.7166666666666655
1758,1358,44.43333333333333,4.166666666666667
1759,1358,46.65,4.8
1760,1358,40.583333333333336,3.3833333333333337
1761,1358,52.266666666666666,6.533333333333333
1762,1358,47.85,3.733333333333333
1763,1358,48.16666666666666,3.65
1764,1358,35.55,3.833333333333333
1765,1358,50.28333333333333,7.35
1766,1358,48.083333333333336,4.383333333333334
1767,1358,51.06666666666667,5.133333333333333
1768,1358,41.03333333333333,2.6500000000000004
1769,1358,45.65,4.183333333333334
1770,1358,36.75,2.65
1771,1358,50.63333333333333,4.066666666666666
1772,1358,46.35,2.8
1773,1358,51.48333333333333,4.633333333333333
1774,1358,44.3,3.1333333333333337
1775,1358,44.86666666666667,4.933333333333334
1776,1358,37.46666666666667,1.1833333333333331
1777,1358,42.81666666666667,1.75
1778,1358,45.8,6.616666666666667
1779,1358,45.21666666666667,4.3
1780,1358,45.45,2.9333333333333336
1781,1358,56.46666666666667,11.666666666666668
1782,1358,51.28333333333333,4.25
1783,1358,41.5,2.3833333333333333
1784,1358,44.516666666666666,6.8
1785,1358,45.3,5.066666666666666
1786,1358,39.516666666666666,2.9333333333333336
1787,1358,44.11666666666667,3.633333333333333
1788,1358,43.55,4.066666666666666
1789,1358,47.46666666666667,4.366666666666667
1790,1358,45.36666666666667,3.316666666666667
1791,1358,41.3,3.3
1792,1358,37.61666666666667,1.9333333333333331
1793,1358,44.91666666666666,3.15
1794,1358,47.03333333333333,4.9
1795,1358,46.016666666666666,7.550000000000001
1796,1358,58.833333333333336,10.35
1797,1358,42.61666666666667,2.0166666666666666
1798,1358,43.36666666666667,6.216666666666667
1799,1358,43.95,2.95
1800,1358,44.6,4.733333333333333
1801,1358,45.95,3.466666666666667
1802,1358,49.13333333333333,8.55
1803,1358,47.266666666666666,3.416666666666667
1804,1358,50.71666666666667,5.133333333333334
1805,1358,47.46666666666667,3.433333333333333
1806,1377,62.41666666666666,10.95
1807,1377,57.833333333333336,4.566666666666666
1808,1377,56.16666666666666,6.683333333333334
1809,1377,56.2,10.866666666666667
1810,1377,57.833333333333336,7.666666666666667
1811,1377,85.33333333333333,37.833333333333336
1812,1377,58.18333333333333,7.766666666666667
1813,1377,52.48333333333333,6.433333333333335
1814,1377,40.8,4.550000000000001
1815,1377,46.91666666666666,2.95
1816,1377,46.66666666666666,4.483333333333333
1817,1377,45.41666666666666,4.166666666666667
1818,1377,41.48333333333333,3.15
1819,1377,32.95,1.5
1820,1377,42.6,4.433333333333334
1821,1377,50.266666666666666,5.383333333333334
1822,1377,47.266666666666666,6.483333333333333
1823,1377,50.05,7.816666666666668
1824,1377,44.61666666666667,3.45
1825,1377,44.91666666666666,4.833333333333333
1826,1377,36.8,2.333333333333333
1827,1377,46.86666666666667,2.583333333333333
1828,1377,48.31666666666667,4.966666666666667
1829,1377,50.5,5.416666666666666
1830,1377,43.28333333333333,4.366666666666667
1831,1377,50.38333333333333,6.166666666666666
1832,1377,49.833333333333336,7.25
1833,1377,38.766666666666666,5.033333333333334
1834,1377,44.85,5.5
1835,1377,47.46666666666667,8.75
1836,1377,40.9,6.433333333333334
1837,1377,48.61666666666667,5.916666666666666
1838,1377,44.15,5.216666666666667
1839,1377,47.333333333333336,2.7333333333333334
1840,1377,46.38333333333333,5.45
1841,1377,45.16666666666666,4.216666666666667
1842,1377,45.516666666666666,6.383333333333333
1843,1377,50.11666666666667,4.75
1844,1377,41.05,4.199999999999999
1845,1377,51.48333333333333,3.866666666666666
1846,1377,42.45,5.05
1847,1377,42.81666666666667,3.733333333333333
1848,1377,42.65,3.683333333333333
1849,1377,51.3,8.233333333333334
1850,1377,47.18333333333333,5.45
1851,1377,45.61666666666667,4.7
1852,1377,40.05,2.0
1853,1377,44.86666666666667,7.966666666666667
1854,1377,44.46666666666667,5.583333333333333
1855,1377,47.06666666666667,4.55
1856,1377,39.833333333333336,3.8666666666666663
1857,1377,44.03333333333333,3.583333333333333
1858,1377,43.45,3.7666666666666666
1859,1377,59.15,2411.333333333333
1860,1377,34.61666666666667,1.8666666666666667
1861,1377,40.766666666666666,3.35
1862,1377,44.083333333333336,3.65
1863,1377,50.38333333333333,5.316666666666666
1864,1377,46.833333333333336,3.8
1865,1377,48.93333333333333,1.75
1866,1377,39.85,2.3833333333333333
1867,1377,47.25,3.9
1868,1377,45.98333333333333,4.816666666666667
1869,1377,51.25,6.366666666666667
1870,1377,50.333333333333336,8.4
1871,1377,55.5,4.333333333333334
1872,1377,49.66666666666666,6.866666666666666
1873,1377,39.06666666666667,2.3
1874,1377,48.35,9.35
1875,1377,41.88333333333333,4.916666666666666
1876,1377,48.18333333333333,2.7666666666666666
1877,1377,51.96666666666667,8.3
1878,1377,48.56666666666667,5.416666666666667
1879,1377,48.03333333333333,4.0
1880,1377,38.35,4.25
1881,1377,50.016666666666666,4.933333333333334
1882,1377,45.91666666666666,7.45
1883,1377,49.95,3.716666666666667
1884,1377,45.55,3.6833333333333336
1885,1377,49.95,4.383333333333334
1886,1377,44.38333333333333,4.483333333333333
1887,1377,46.63333333333333,5.183333333333334
1888,1377,48.5,7.716666666666667
1889,1377,48.766666666666666,6.733333333333333
1890,1377,44.9,2.216666666666667
1891,1377,47.23333333333333,4.233333333333333
1892,1377,50.85,8.2
1893,1377,47.53333333333333,4.5
1894,1377,53.36666666666667,4.333333333333334
1895,1377,47.9,7.25
1896,1377,54.11666666666667,4.249999999999999
1897,1377,53.333333333333336,12.533333333333337
1898,1377,48.333333333333336,5.85
1899,1377,50.766666666666666,5.516666666666668
1900,1377,46.9,7.5
1901,1377,50.78333333333333,3.7
1902,1377,49.766666666666666,4.7
1903,1377,50.083333333333336,6.083333333333334
1904,1377,44.41666666666666,7.6
1905,1377,46.25,3.2
1906,1377,52.25,11.216666666666669
1907,1377,51.8,4.183333333333334
1908,1377,49.0,5.066666666666667
