trip_id,date,bus_stop_id,arrival_time,departure_time,dwell_time,deviceid
1,2022-10-01,201,08:48:09,08:48:24,0 days 00:00:15,116.0
1,2022-10-01,202,08:50:33,08:50:48,0 days 00:00:15,116.0
1,2022-10-01,203,08:54:46,08:55:16,0 days 00:00:30,116.0
1,2022-10-01,204,08:59:01,08:59:16,0 days 00:00:15,116.0
1,2022-10-01,205,09:02:50,09:03:05,0 days 00:00:15,116.0
1,2022-10-01,206,09:05:20,09:05:33,0 days 00:00:13,116.0
1,2022-10-01,207,09:06:18,09:08:03,0 days 00:01:45,116.0
1,2022-10-01,208,09:10:03,09:10:33,0 days 00:00:30,116.0
1,2022-10-01,209,09:14:13,09:15:28,0 days 00:01:15,116.0
1,2022-10-01,210,09:23:58,09:24:13,0 days 00:00:15,116.0
1,2022-10-01,211,09:25:43,09:26:43,0 days 00:01:00,116.0
1,2022-10-01,212,09:30:36,09:31:06,0 days 00:00:30,116.0
1,2022-10-01,213,09:34:06,09:34:21,0 days 00:00:15,116.0
2,2022-10-01,101,09:53:21,09:54:36,0 days 00:01:15,116.0
2,2022-10-01,102,09:57:34,09:57:49,0 days 00:00:15,116.0
2,2022-10-01,103,10:05:28,10:05:43,0 days 00:00:15,116.0
2,2022-10-01,104,10:09:21,10:09:36,0 days 00:00:15,116.0
2,2022-10-01,105,10:11:21,10:12:21,0 days 00:01:00,116.0
2,2022-10-01,106,10:16:16,10:16:31,0 days 00:00:15,116.0
2,2022-10-01,107,10:17:16,10:17:31,0 days 00:00:15,116.0
2,2022-10-01,108,10:18:38,10:18:53,0 days 00:00:15,116.0
2,2022-10-01,109,10:19:38,10:22:23,0 days 00:02:45,116.0
2,2022-10-01,110,10:25:21,10:26:06,0 days 00:00:45,116.0
2,2022-10-01,111,10:29:06,10:29:20,0 days 00:00:14,116.0
2,2022-10-01,112,10:33:20,10:33:35,0 days 00:00:15,116.0
2,2022-10-01,113,10:35:38,10:35:38,0 days 00:00:00,116.0
2,2022-10-01,114,10:37:23,10:37:38,0 days 00:00:15,116.0
3,2022-10-01,201,13:46:57,13:47:12,0 days 00:00:15,116.0
3,2022-10-01,202,13:48:34,13:48:49,0 days 00:00:15,116.0
3,2022-10-01,203,13:53:34,13:53:49,0 days 00:00:15,116.0
3,2022-10-01,204,13:58:49,13:59:04,0 days 00:00:15,116.0
3,2022-10-01,205,14:04:19,14:05:04,0 days 00:00:45,116.0
3,2022-10-01,206,14:07:14,14:07:44,0 days 00:00:30,116.0
3,2022-10-01,207,14:08:44,14:08:59,0 days 00:00:15,116.0
3,2022-10-01,208,14:10:29,14:10:29,0 days 00:00:00,116.0
3,2022-10-01,209,14:13:22,14:13:37,0 days 00:00:15,116.0
3,2022-10-01,210,14:20:37,14:20:52,0 days 00:00:15,116.0
3,2022-10-01,211,14:21:52,14:22:07,0 days 00:00:15,116.0
3,2022-10-01,212,14:26:07,14:26:17,0 days 00:00:10,116.0
3,2022-10-01,213,14:29:02,14:29:17,0 days 00:00:15,116.0
4,2022-10-01,101,14:53:23,14:53:38,0 days 00:00:15,116.0
4,2022-10-01,101,15:10:53,15:11:23,0 days 00:00:30,116.0
4,2022-10-01,102,15:14:08,15:14:21,0 days 00:00:13,116.0
4,2022-10-01,103,15:21:42,15:22:12,0 days 00:00:30,116.0
4,2022-10-01,104,15:25:06,15:25:06,0 days 00:00:00,116.0
4,2022-10-01,105,15:27:03,15:27:33,0 days 00:00:30,116.0
4,2022-10-01,106,15:31:15,15:31:30,0 days 00:00:15,116.0
4,2022-10-01,107,15:32:10,15:33:25,0 days 00:01:15,116.0
4,2022-10-01,109,15:36:10,15:38:25,0 days 00:02:15,116.0
4,2022-10-01,110,15:41:40,15:42:10,0 days 00:00:30,116.0
4,2022-10-01,111,15:45:50,15:46:05,0 days 00:00:15,116.0
4,2022-10-01,112,15:49:34,15:49:49,0 days 00:00:15,116.0
4,2022-10-01,113,15:52:33,15:52:48,0 days 00:00:15,116.0
4,2022-10-01,114,15:55:01,15:55:16,0 days 00:00:15,116.0
5,2022-10-02,201,07:46:57,07:47:12,0 days 00:00:15,116.0
5,2022-10-02,202,07:49:20,07:49:34,0 days 00:00:14,116.0
5,2022-10-02,203,07:51:46,07:53:01,0 days 00:01:15,116.0
5,2022-10-02,204,07:56:31,07:56:46,0 days 00:00:15,116.0
5,2022-10-02,205,08:01:06,08:01:30,0 days 00:00:24,116.0
5,2022-10-02,206,08:03:28,08:05:28,0 days 00:02:00,116.0
5,2022-10-02,207,08:06:13,08:06:28,0 days 00:00:15,116.0
5,2022-10-02,208,08:08:21,08:08:37,0 days 00:00:16,116.0
5,2022-10-02,209,08:11:07,08:11:15,0 days 00:00:08,116.0
5,2022-10-02,210,08:15:39,08:15:54,0 days 00:00:15,116.0
5,2022-10-02,211,08:16:29,08:16:44,0 days 00:00:15,116.0
5,2022-10-02,212,08:19:04,08:19:19,0 days 00:00:15,116.0
5,2022-10-02,213,08:21:32,08:21:32,0 days 00:00:00,116.0
6,2022-10-02,101,09:12:04,09:12:49,0 days 00:00:45,116.0
6,2022-10-02,102,09:16:19,09:16:34,0 days 00:00:15,116.0
6,2022-10-02,103,09:24:31,09:24:46,0 days 00:00:15,116.0
6,2022-10-02,104,09:28:28,09:28:43,0 days 00:00:15,116.0
6,2022-10-02,105,09:30:39,09:33:39,0 days 00:03:00,116.0
6,2022-10-02,106,09:37:39,09:38:09,0 days 00:00:30,116.0
6,2022-10-02,107,09:39:09,09:39:24,0 days 00:00:15,116.0
6,2022-10-02,108,09:40:47,09:41:02,0 days 00:00:15,116.0
6,2022-10-02,109,09:41:29,09:41:44,0 days 00:00:15,116.0
6,2022-10-02,110,09:44:42,09:44:57,0 days 00:00:15,116.0
6,2022-10-02,111,09:51:26,09:51:41,0 days 00:00:15,116.0
6,2022-10-02,112,09:55:41,09:55:56,0 days 00:00:15,116.0
6,2022-10-02,113,09:58:54,09:59:09,0 days 00:00:15,116.0
6,2022-10-02,114,10:00:54,10:00:59,0 days 00:00:05,116.0
7,2022-10-02,201,11:59:22,11:59:37,0 days 00:00:15,116.0
7,2022-10-02,202,12:02:07,12:02:34,0 days 00:00:27,116.0
7,2022-10-02,203,12:06:26,12:06:41,0 days 00:00:15,116.0
7,2022-10-02,204,12:10:18,12:10:33,0 days 00:00:15,116.0
7,2022-10-02,205,12:14:33,12:15:03,0 days 00:00:30,116.0
7,2022-10-02,206,12:17:30,12:20:45,0 days 00:03:15,116.0
7,2022-10-02,207,12:21:43,12:22:43,0 days 00:01:00,116.0
7,2022-10-02,208,12:25:28,12:25:58,0 days 00:00:30,116.0
7,2022-10-02,209,12:30:13,12:30:58,0 days 00:00:45,116.0
7,2022-10-02,210,12:39:19,12:39:49,0 days 00:00:30,116.0
7,2022-10-02,211,12:40:34,12:41:04,0 days 00:00:30,116.0
7,2022-10-02,212,12:46:19,12:46:34,0 days 00:00:15,116.0
7,2022-10-02,213,12:49:29,12:49:44,0 days 00:00:15,116.0
8,2022-10-02,101,14:34:42,14:35:27,0 days 00:00:45,116.0
8,2022-10-02,102,14:39:05,14:39:20,0 days 00:00:15,116.0
8,2022-10-02,103,14:45:58,14:46:13,0 days 00:00:15,116.0
8,2022-10-02,104,14:50:11,14:50:26,0 days 00:00:15,116.0
8,2022-10-02,105,14:52:56,14:56:41,0 days 00:03:45,116.0
8,2022-10-02,106,15:00:11,15:00:26,0 days 00:00:15,116.0
8,2022-10-02,107,15:01:11,15:01:26,0 days 00:00:15,116.0
8,2022-10-02,109,15:04:56,15:05:41,0 days 00:00:45,116.0
8,2022-10-02,110,15:08:33,15:09:03,0 days 00:00:30,116.0
8,2022-10-02,111,15:12:09,15:12:39,0 days 00:00:30,116.0
8,2022-10-02,112,15:16:17,15:16:47,0 days 00:00:30,116.0
8,2022-10-02,113,15:19:24,15:20:09,0 days 00:00:45,116.0
8,2022-10-02,114,15:22:05,15:22:50,0 days 00:00:45,116.0
9,2022-10-02,201,16:33:21,16:33:36,0 days 00:00:15,116.0
9,2022-10-02,202,16:36:07,16:40:52,0 days 00:04:45,116.0
9,2022-10-02,203,16:45:52,16:46:37,0 days 00:00:45,116.0
9,2022-10-02,204,16:50:14,16:50:44,0 days 00:00:30,116.0
9,2022-10-02,205,16:57:51,16:58:04,0 days 00:00:13,116.0
9,2022-10-02,206,17:01:30,17:01:45,0 days 00:00:15,116.0
9,2022-10-02,207,17:02:30,17:02:45,0 days 00:00:15,116.0
9,2022-10-02,208,17:05:45,17:06:30,0 days 00:00:45,116.0
9,2022-10-02,209,17:11:58,17:12:58,0 days 00:01:00,116.0
9,2022-10-02,210,17:21:09,17:21:24,0 days 00:00:15,116.0
9,2022-10-02,211,17:22:39,17:23:09,0 days 00:00:30,116.0
9,2022-10-02,212,17:26:49,17:27:04,0 days 00:00:15,116.0
9,2022-10-02,213,17:30:00,17:30:15,0 days 00:00:15,116.0
11,2022-10-03,201,08:04:21,08:04:36,0 days 00:00:15,116.0
11,2022-10-03,202,08:06:15,08:06:30,0 days 00:00:15,116.0
11,2022-10-03,203,08:08:34,08:08:49,0 days 00:00:15,116.0
11,2022-10-03,204,08:12:15,08:12:30,0 days 00:00:15,116.0
11,2022-10-03,205,08:19:41,08:19:52,0 days 00:00:11,116.0
11,2022-10-03,206,08:21:21,08:21:36,0 days 00:00:15,116.0
11,2022-10-03,207,08:22:02,08:22:17,0 days 00:00:15,116.0
11,2022-10-03,208,08:23:47,08:23:57,0 days 00:00:10,116.0
11,2022-10-03,209,08:26:28,08:26:43,0 days 00:00:15,116.0
11,2022-10-03,210,08:31:44,08:31:44,0 days 00:00:00,116.0
11,2022-10-03,211,08:32:29,08:32:29,0 days 00:00:00,116.0
11,2022-10-03,212,08:36:15,08:36:30,0 days 00:00:15,116.0
11,2022-10-03,213,08:39:08,08:39:23,0 days 00:00:15,116.0
12,2022-10-03,101,09:33:09,09:34:09,0 days 00:01:00,116.0
12,2022-10-03,102,09:37:24,09:37:39,0 days 00:00:15,116.0
12,2022-10-03,103,09:44:42,09:44:57,0 days 00:00:15,116.0
12,2022-10-03,104,09:48:35,09:48:35,0 days 00:00:00,116.0
12,2022-10-03,105,09:50:41,09:52:41,0 days 00:02:00,116.0
12,2022-10-03,106,09:56:11,09:56:26,0 days 00:00:15,116.0
12,2022-10-03,107,09:57:26,09:57:41,0 days 00:00:15,116.0
12,2022-10-03,108,09:59:41,09:59:56,0 days 00:00:15,116.0
12,2022-10-03,109,10:00:41,10:01:56,0 days 00:01:15,116.0
12,2022-10-03,110,10:04:02,10:04:17,0 days 00:00:15,116.0
12,2022-10-03,111,10:05:47,10:06:02,0 days 00:00:15,116.0
12,2022-10-03,112,10:08:40,10:08:55,0 days 00:00:15,116.0
12,2022-10-03,113,10:10:35,10:10:35,0 days 00:00:00,116.0
12,2022-10-03,114,10:12:05,10:12:05,0 days 00:00:00,116.0
13,2022-10-03,201,12:52:54,12:53:09,0 days 00:00:15,116.0
13,2022-10-03,202,12:55:24,12:57:24,0 days 00:02:00,116.0
13,2022-10-03,203,12:59:54,13:00:09,0 days 00:00:15,116.0
13,2022-10-03,204,13:03:19,13:03:34,0 days 00:00:15,116.0
13,2022-10-03,205,13:07:00,13:07:14,0 days 00:00:14,116.0
13,2022-10-03,206,13:09:34,13:09:49,0 days 00:00:15,116.0
13,2022-10-03,207,13:10:34,13:10:49,0 days 00:00:15,116.0
13,2022-10-03,208,13:12:43,13:12:58,0 days 00:00:15,116.0
13,2022-10-03,209,13:16:17,13:16:32,0 days 00:00:15,116.0
13,2022-10-03,210,13:23:24,13:23:39,0 days 00:00:15,116.0
13,2022-10-03,211,13:25:09,13:25:24,0 days 00:00:15,116.0
13,2022-10-03,212,13:29:53,13:30:08,0 days 00:00:15,116.0
13,2022-10-03,213,13:34:08,13:34:23,0 days 00:00:15,116.0
14,2022-10-03,101,14:23:46,14:25:16,0 days 00:01:30,116.0
14,2022-10-03,102,14:29:31,14:29:46,0 days 00:00:15,116.0
14,2022-10-03,103,14:38:16,14:38:30,0 days 00:00:14,116.0
14,2022-10-03,104,14:41:53,14:41:53,0 days 00:00:00,116.0
14,2022-10-03,105,14:43:48,14:43:53,0 days 00:00:05,116.0
14,2022-10-03,106,14:47:01,14:47:16,0 days 00:00:15,116.0
14,2022-10-03,107,14:48:01,14:48:16,0 days 00:00:15,116.0
14,2022-10-03,109,14:50:01,14:50:16,0 days 00:00:15,116.0
14,2022-10-03,110,14:52:46,14:53:01,0 days 00:00:15,116.0
14,2022-10-03,111,14:55:08,14:55:23,0 days 00:00:15,116.0
14,2022-10-03,112,14:57:03,14:57:08,0 days 00:00:05,116.0
14,2022-10-03,113,14:59:05,14:59:20,0 days 00:00:15,116.0
14,2022-10-03,114,15:00:41,15:00:56,0 days 00:00:15,116.0
15,2022-10-03,201,17:26:21,17:27:04,0 days 00:00:43,116.0
15,2022-10-03,202,17:28:50,17:32:05,0 days 00:03:15,116.0
15,2022-10-03,203,17:34:30,17:34:45,0 days 00:00:15,116.0
15,2022-10-03,204,17:36:45,17:36:45,0 days 00:00:00,116.0
15,2022-10-03,205,17:39:59,17:42:29,0 days 00:02:30,116.0
15,2022-10-03,206,17:44:58,17:46:28,0 days 00:01:30,116.0
15,2022-10-03,207,17:47:28,17:47:43,0 days 00:00:15,116.0
15,2022-10-03,208,17:49:43,17:49:58,0 days 00:00:15,116.0
15,2022-10-03,209,17:52:55,17:53:10,0 days 00:00:15,116.0
15,2022-10-03,210,17:59:03,17:59:18,0 days 00:00:15,116.0
15,2022-10-03,211,17:59:48,17:59:55,0 days 00:00:07,116.0
15,2022-10-03,212,18:02:53,18:03:08,0 days 00:00:15,116.0
15,2022-10-03,213,18:05:50,18:06:05,0 days 00:00:15,116.0
16,2022-10-03,101,19:54:05,19:55:20,0 days 00:01:15,116.0
16,2022-10-03,102,19:59:35,20:00:05,0 days 00:00:30,116.0
16,2022-10-03,103,20:40:49,20:41:04,0 days 00:00:15,116.0
16,2022-10-03,104,20:43:19,20:43:30,0 days 00:00:11,116.0
16,2022-10-03,105,20:45:15,20:45:30,0 days 00:00:15,116.0
16,2022-10-03,106,20:47:45,20:48:00,0 days 00:00:15,116.0
16,2022-10-03,107,20:48:30,20:48:45,0 days 00:00:15,116.0
16,2022-10-03,109,20:49:45,20:49:51,0 days 00:00:06,116.0
16,2022-10-03,110,20:51:35,20:51:50,0 days 00:00:15,116.0
16,2022-10-03,111,20:53:28,20:53:28,0 days 00:00:00,116.0
16,2022-10-03,112,20:56:42,20:56:57,0 days 00:00:15,116.0
16,2022-10-03,113,20:58:50,20:58:50,0 days 00:00:00,116.0
16,2022-10-03,114,21:00:05,21:00:20,0 days 00:00:15,116.0
17,2022-10-04,201,07:55:46,07:56:00,0 days 00:00:14,116.0
17,2022-10-04,202,07:57:26,07:57:41,0 days 00:00:15,116.0
17,2022-10-04,203,07:59:12,07:59:27,0 days 00:00:15,116.0
17,2022-10-04,204,08:01:57,08:02:12,0 days 00:00:15,116.0
17,2022-10-04,205,08:05:18,08:05:33,0 days 00:00:15,116.0
17,2022-10-04,206,08:07:18,08:10:18,0 days 00:03:00,116.0
17,2022-10-04,207,08:11:21,08:11:36,0 days 00:00:15,116.0
17,2022-10-04,208,08:13:14,08:13:25,0 days 00:00:11,116.0
17,2022-10-04,209,08:16:11,08:17:11,0 days 00:01:00,116.0
17,2022-10-04,210,08:24:17,08:24:23,0 days 00:00:06,116.0
17,2022-10-04,211,08:25:17,08:25:32,0 days 00:00:15,116.0
17,2022-10-04,212,08:28:21,08:28:36,0 days 00:00:15,116.0
17,2022-10-04,213,08:31:53,08:31:53,0 days 00:00:00,116.0
18,2022-10-04,101,09:22:23,09:23:08,0 days 00:00:45,116.0
18,2022-10-04,102,09:26:38,09:26:53,0 days 00:00:15,116.0
18,2022-10-04,103,09:32:46,09:33:01,0 days 00:00:15,116.0
18,2022-10-04,104,09:36:01,09:36:01,0 days 00:00:00,116.0
18,2022-10-04,105,09:38:31,09:39:31,0 days 00:01:00,116.0
18,2022-10-04,106,09:44:46,09:45:01,0 days 00:00:15,116.0
18,2022-10-04,107,09:45:31,09:45:46,0 days 00:00:15,116.0
18,2022-10-04,109,09:47:45,09:48:00,0 days 00:00:15,116.0
18,2022-10-04,110,09:50:17,09:50:32,0 days 00:00:15,116.0
18,2022-10-04,111,09:53:59,09:54:14,0 days 00:00:15,116.0
18,2022-10-04,112,09:56:44,09:56:57,0 days 00:00:13,116.0
18,2022-10-04,113,09:59:28,09:59:34,0 days 00:00:06,116.0
18,2022-10-04,114,10:01:20,10:01:50,0 days 00:00:30,116.0
19,2022-10-04,201,12:27:01,12:27:16,0 days 00:00:15,116.0
19,2022-10-04,202,12:29:30,12:30:15,0 days 00:00:45,116.0
19,2022-10-04,203,12:32:41,12:32:56,0 days 00:00:15,116.0
19,2022-10-04,204,12:35:34,12:35:43,0 days 00:00:09,116.0
19,2022-10-04,205,12:38:50,12:39:05,0 days 00:00:15,116.0
19,2022-10-04,206,12:40:45,12:44:00,0 days 00:03:15,116.0
19,2022-10-04,207,12:45:20,12:45:35,0 days 00:00:15,116.0
19,2022-10-04,208,12:47:02,12:47:14,0 days 00:00:12,116.0
19,2022-10-04,209,12:50:00,12:50:15,0 days 00:00:15,116.0
19,2022-10-04,210,12:55:48,12:56:03,0 days 00:00:15,116.0
19,2022-10-04,211,12:57:03,12:57:15,0 days 00:00:12,116.0
19,2022-10-04,212,13:00:18,13:00:33,0 days 00:00:15,116.0
19,2022-10-04,213,13:03:48,13:04:03,0 days 00:00:15,116.0
20,2022-10-04,101,13:42:54,13:43:09,0 days 00:00:15,116.0
20,2022-10-04,102,13:51:57,13:52:12,0 days 00:00:15,116.0
20,2022-10-04,103,14:07:39,14:07:54,0 days 00:00:15,116.0
20,2022-10-04,104,14:11:31,14:11:42,0 days 00:00:11,116.0
20,2022-10-04,105,14:12:45,14:13:00,0 days 00:00:15,116.0
20,2022-10-04,106,14:15:55,14:16:10,0 days 00:00:15,116.0
20,2022-10-04,107,14:16:40,14:16:55,0 days 00:00:15,116.0
20,2022-10-04,109,14:19:05,14:19:17,0 days 00:00:12,116.0
20,2022-10-04,110,14:21:43,14:21:58,0 days 00:00:15,116.0
20,2022-10-04,111,14:25:06,14:25:18,0 days 00:00:12,116.0
20,2022-10-04,112,14:27:48,14:27:55,0 days 00:00:07,116.0
20,2022-10-04,113,14:29:40,14:29:40,0 days 00:00:00,116.0
20,2022-10-04,114,14:31:10,14:31:25,0 days 00:00:15,116.0
21,2022-10-04,201,16:45:50,16:45:50,0 days 00:00:00,116.0
21,2022-10-04,202,16:48:02,16:48:35,0 days 00:00:33,116.0
21,2022-10-04,203,16:51:10,16:51:25,0 days 00:00:15,116.0
21,2022-10-04,204,16:54:10,16:54:25,0 days 00:00:15,116.0
21,2022-10-04,205,16:58:36,16:58:51,0 days 00:00:15,116.0
21,2022-10-04,207,17:02:00,17:02:11,0 days 00:00:11,116.0
21,2022-10-04,208,17:04:33,17:04:39,0 days 00:00:06,116.0
21,2022-10-04,209,17:07:38,17:07:53,0 days 00:00:15,116.0
21,2022-10-04,210,17:16:47,17:17:02,0 days 00:00:15,116.0
21,2022-10-04,211,17:17:32,17:17:47,0 days 00:00:15,116.0
21,2022-10-04,212,17:20:37,17:20:52,0 days 00:00:15,116.0
21,2022-10-04,213,17:24:07,17:24:22,0 days 00:00:15,116.0
22,2022-10-04,101,18:25:46,18:26:01,0 days 00:00:15,116.0
22,2022-10-04,102,18:30:11,18:30:26,0 days 00:00:15,116.0
22,2022-10-04,103,18:35:52,18:36:06,0 days 00:00:14,116.0
22,2022-10-04,104,18:40:10,18:40:10,0 days 00:00:00,116.0
22,2022-10-04,105,18:42:17,18:42:32,0 days 00:00:15,116.0
22,2022-10-04,106,18:46:27,18:46:57,0 days 00:00:30,116.0
22,2022-10-04,107,18:47:57,18:48:12,0 days 00:00:15,116.0
22,2022-10-04,108,18:49:27,18:49:34,0 days 00:00:07,116.0
22,2022-10-04,109,18:50:18,18:50:48,0 days 00:00:30,116.0
22,2022-10-04,110,18:53:30,18:53:45,0 days 00:00:15,116.0
22,2022-10-04,111,18:56:01,18:56:07,0 days 00:00:06,116.0
22,2022-10-04,112,18:58:35,18:58:42,0 days 00:00:07,116.0
22,2022-10-04,113,19:01:13,19:01:26,0 days 00:00:13,116.0
22,2022-10-04,114,19:02:45,19:03:00,0 days 00:00:15,116.0
23,2022-10-06,201,06:54:23,06:54:38,0 days 00:00:15,116.0
23,2022-10-06,202,06:56:13,06:56:28,0 days 00:00:15,116.0
23,2022-10-06,203,06:58:10,06:58:23,0 days 00:00:13,116.0
23,2022-10-06,204,06:59:47,06:59:47,0 days 00:00:00,116.0
23,2022-10-06,205,07:02:36,07:02:51,0 days 00:00:15,116.0
23,2022-10-06,206,07:04:47,07:05:32,0 days 00:00:45,116.0
23,2022-10-06,207,07:06:02,07:06:07,0 days 00:00:05,116.0
23,2022-10-06,208,07:08:07,07:08:22,0 days 00:00:15,116.0
23,2022-10-06,209,07:11:23,07:12:11,0 days 00:00:48,116.0
23,2022-10-06,210,07:17:51,07:18:06,0 days 00:00:15,116.0
23,2022-10-06,211,07:19:51,07:20:06,0 days 00:00:15,116.0
23,2022-10-06,212,07:27:09,07:28:09,0 days 00:01:00,116.0
23,2022-10-06,213,07:37:14,07:37:29,0 days 00:00:15,116.0
24,2022-10-06,101,08:21:49,08:22:19,0 days 00:00:30,116.0
24,2022-10-06,102,08:25:04,08:25:19,0 days 00:00:15,116.0
24,2022-10-06,103,08:32:07,08:32:19,0 days 00:00:12,116.0
24,2022-10-06,104,08:35:20,08:35:35,0 days 00:00:15,116.0
24,2022-10-06,105,08:37:17,08:39:02,0 days 00:01:45,116.0
24,2022-10-06,106,08:41:17,08:41:30,0 days 00:00:13,116.0
24,2022-10-06,107,08:42:19,08:42:34,0 days 00:00:15,116.0
24,2022-10-06,109,08:44:16,08:45:31,0 days 00:01:15,116.0
24,2022-10-06,110,08:48:01,08:48:31,0 days 00:00:30,116.0
24,2022-10-06,111,08:50:36,08:50:36,0 days 00:00:00,116.0
24,2022-10-06,112,08:52:40,08:52:44,0 days 00:00:04,116.0
24,2022-10-06,113,08:55:14,08:55:29,0 days 00:00:15,116.0
24,2022-10-06,114,08:57:24,08:57:39,0 days 00:00:15,116.0
25,2022-10-06,201,10:46:56,10:47:11,0 days 00:00:15,116.0
25,2022-10-06,202,10:49:04,10:49:34,0 days 00:00:30,116.0
25,2022-10-06,203,10:52:09,10:52:24,0 days 00:00:15,116.0
25,2022-10-06,204,10:55:48,10:56:03,0 days 00:00:15,116.0
25,2022-10-06,205,10:59:03,10:59:31,0 days 00:00:28,116.0
25,2022-10-06,206,11:01:16,11:01:24,0 days 00:00:08,116.0
25,2022-10-06,207,11:02:31,11:02:40,0 days 00:00:09,116.0
25,2022-10-06,208,11:04:14,11:04:26,0 days 00:00:12,116.0
25,2022-10-06,209,11:07:16,11:07:30,0 days 00:00:14,116.0
25,2022-10-06,210,11:12:24,11:12:24,0 days 00:00:00,116.0
25,2022-10-06,211,11:13:09,11:13:24,0 days 00:00:15,116.0
25,2022-10-06,212,11:16:35,11:16:50,0 days 00:00:15,116.0
25,2022-10-06,213,11:19:49,11:20:04,0 days 00:00:15,116.0
26,2022-10-06,101,11:53:08,11:53:23,0 days 00:00:15,116.0
26,2022-10-06,102,11:57:41,11:58:11,0 days 00:00:30,116.0
26,2022-10-06,103,12:04:24,12:04:39,0 days 00:00:15,116.0
26,2022-10-06,104,12:07:39,12:07:46,0 days 00:00:07,116.0
26,2022-10-06,105,12:09:50,12:10:20,0 days 00:00:30,116.0
26,2022-10-06,106,12:14:57,12:15:12,0 days 00:00:15,116.0
26,2022-10-06,107,12:16:09,12:16:24,0 days 00:00:15,116.0
26,2022-10-06,108,12:17:58,12:18:13,0 days 00:00:15,116.0
26,2022-10-06,109,12:18:43,12:19:13,0 days 00:00:30,116.0
26,2022-10-06,110,12:21:41,12:21:56,0 days 00:00:15,116.0
26,2022-10-06,111,12:23:40,12:23:50,0 days 00:00:10,116.0
26,2022-10-06,112,12:26:17,12:26:17,0 days 00:00:00,116.0
26,2022-10-06,113,12:27:58,12:28:28,0 days 00:00:30,116.0
26,2022-10-06,114,12:30:24,12:30:24,0 days 00:00:00,116.0
27,2022-10-06,201,13:58:59,13:59:14,0 days 00:00:15,116.0
27,2022-10-06,202,14:00:57,14:00:57,0 days 00:00:00,116.0
27,2022-10-06,203,14:04:32,14:04:47,0 days 00:00:15,116.0
27,2022-10-06,204,14:07:13,14:07:28,0 days 00:00:15,116.0
27,2022-10-06,205,14:10:57,14:11:23,0 days 00:00:26,116.0
27,2022-10-06,206,14:13:23,14:13:38,0 days 00:00:15,116.0
27,2022-10-06,207,14:14:23,14:14:38,0 days 00:00:15,116.0
27,2022-10-06,208,14:16:36,14:16:51,0 days 00:00:15,116.0
27,2022-10-06,209,14:19:50,14:20:05,0 days 00:00:15,116.0
27,2022-10-06,210,14:25:40,14:25:48,0 days 00:00:08,116.0
27,2022-10-06,211,14:26:48,14:27:03,0 days 00:00:15,116.0
27,2022-10-06,212,14:30:18,14:30:32,0 days 00:00:14,116.0
27,2022-10-06,213,14:33:17,14:33:32,0 days 00:00:15,116.0
28,2022-10-06,101,15:05:00,15:05:43,0 days 00:00:43,116.0
28,2022-10-06,102,15:10:58,15:11:13,0 days 00:00:15,116.0
28,2022-10-06,103,15:18:20,15:18:34,0 days 00:00:14,116.0
28,2022-10-06,104,15:22:07,15:22:07,0 days 00:00:00,116.0
28,2022-10-06,105,15:24:17,15:24:47,0 days 00:00:30,116.0
28,2022-10-06,106,15:28:05,15:28:20,0 days 00:00:15,116.0
28,2022-10-06,107,15:29:05,15:29:20,0 days 00:00:15,116.0
28,2022-10-06,109,15:31:32,15:31:44,0 days 00:00:12,116.0
28,2022-10-06,110,15:34:06,15:34:21,0 days 00:00:15,116.0
28,2022-10-06,111,15:36:11,15:36:26,0 days 00:00:15,116.0
28,2022-10-06,112,15:38:53,15:39:08,0 days 00:00:15,116.0
28,2022-10-06,113,15:41:03,15:41:18,0 days 00:00:15,116.0
28,2022-10-06,114,15:42:48,15:42:55,0 days 00:00:07,116.0
29,2022-10-06,201,17:14:57,17:15:12,0 days 00:00:15,116.0
29,2022-10-06,202,17:17:24,17:17:26,0 days 00:00:02,116.0
29,2022-10-06,203,17:20:07,17:20:22,0 days 00:00:15,116.0
29,2022-10-06,204,17:23:18,17:23:33,0 days 00:00:15,116.0
29,2022-10-06,205,17:27:03,17:27:16,0 days 00:00:13,116.0
29,2022-10-06,206,17:29:01,17:29:16,0 days 00:00:15,116.0
29,2022-10-06,207,17:29:46,17:29:51,0 days 00:00:05,116.0
29,2022-10-06,208,17:31:36,17:31:51,0 days 00:00:15,116.0
29,2022-10-06,209,17:34:16,17:34:31,0 days 00:00:15,116.0
29,2022-10-06,210,17:41:13,17:41:28,0 days 00:00:15,116.0
29,2022-10-06,211,17:42:43,17:42:58,0 days 00:00:15,116.0
29,2022-10-06,212,17:46:01,17:46:27,0 days 00:00:26,116.0
29,2022-10-06,213,17:48:57,17:49:12,0 days 00:00:15,116.0
30,2022-10-06,101,18:27:18,18:27:48,0 days 00:00:30,116.0
30,2022-10-06,102,18:30:48,18:31:03,0 days 00:00:15,116.0
30,2022-10-06,103,18:38:12,18:38:42,0 days 00:00:30,116.0
30,2022-10-06,104,18:43:06,18:43:20,0 days 00:00:14,116.0
30,2022-10-06,105,18:44:49,18:44:57,0 days 00:00:08,116.0
30,2022-10-06,106,18:48:24,18:48:39,0 days 00:00:15,116.0
30,2022-10-06,107,18:49:39,18:49:47,0 days 00:00:08,116.0
30,2022-10-06,108,18:51:06,18:51:21,0 days 00:00:15,116.0
30,2022-10-06,109,18:52:06,18:52:25,0 days 00:00:19,116.0
30,2022-10-06,110,18:55:16,18:55:31,0 days 00:00:15,116.0
30,2022-10-06,111,18:57:34,18:57:49,0 days 00:00:15,116.0
30,2022-10-06,112,19:00:49,19:01:00,0 days 00:00:11,116.0
30,2022-10-06,113,19:02:44,19:02:51,0 days 00:00:07,116.0
30,2022-10-06,114,19:04:26,19:04:41,0 days 00:00:15,116.0
31,2022-10-07,201,06:46:00,06:46:15,0 days 00:00:15,116.0
31,2022-10-07,202,06:47:30,06:47:35,0 days 00:00:05,116.0
31,2022-10-07,203,06:49:51,06:50:06,0 days 00:00:15,116.0
31,2022-10-07,204,06:52:31,06:52:36,0 days 00:00:05,116.0
31,2022-10-07,205,06:55:43,06:55:58,0 days 00:00:15,116.0
31,2022-10-07,206,06:57:35,07:00:50,0 days 00:03:15,116.0
31,2022-10-07,207,07:01:29,07:01:58,0 days 00:00:29,116.0
31,2022-10-07,208,07:03:42,07:03:57,0 days 00:00:15,116.0
31,2022-10-07,209,07:06:57,07:07:12,0 days 00:00:15,116.0
31,2022-10-07,210,07:13:35,07:13:50,0 days 00:00:15,116.0
31,2022-10-07,211,07:16:50,07:17:05,0 days 00:00:15,116.0
31,2022-10-07,212,07:22:28,07:22:43,0 days 00:00:15,116.0
31,2022-10-07,213,07:29:28,07:29:43,0 days 00:00:15,116.0
32,2022-10-07,101,08:00:45,08:01:00,0 days 00:00:15,116.0
32,2022-10-07,102,08:04:24,08:04:37,0 days 00:00:13,116.0
32,2022-10-07,103,08:10:54,08:11:09,0 days 00:00:15,116.0
32,2022-10-07,104,08:13:42,08:13:42,0 days 00:00:00,116.0
32,2022-10-07,105,08:15:13,08:17:13,0 days 00:02:00,116.0
32,2022-10-07,106,08:19:23,08:19:35,0 days 00:00:12,116.0
32,2022-10-07,107,08:20:26,08:20:40,0 days 00:00:14,116.0
32,2022-10-07,109,08:22:48,08:23:03,0 days 00:00:15,116.0
32,2022-10-07,110,08:25:18,08:25:33,0 days 00:00:15,116.0
32,2022-10-07,111,08:27:40,08:27:45,0 days 00:00:05,116.0
32,2022-10-07,112,08:30:39,08:30:39,0 days 00:00:00,116.0
32,2022-10-07,113,08:32:16,08:32:31,0 days 00:00:15,116.0
32,2022-10-07,114,08:33:57,08:34:12,0 days 00:00:15,116.0
33,2022-10-07,201,10:36:07,10:36:22,0 days 00:00:15,116.0
33,2022-10-07,202,10:38:04,10:38:17,0 days 00:00:13,116.0
33,2022-10-07,203,10:40:20,10:40:20,0 days 00:00:00,116.0
33,2022-10-07,204,10:46:30,10:46:45,0 days 00:00:15,116.0
33,2022-10-07,205,10:48:45,10:48:45,0 days 00:00:00,116.0
33,2022-10-07,206,10:50:34,10:50:49,0 days 00:00:15,116.0
33,2022-10-07,207,10:51:19,10:51:33,0 days 00:00:14,116.0
33,2022-10-07,208,10:53:22,10:53:35,0 days 00:00:13,116.0
33,2022-10-07,209,10:56:01,10:56:16,0 days 00:00:15,116.0
33,2022-10-07,210,11:00:57,11:00:57,0 days 00:00:00,116.0
33,2022-10-07,211,11:01:42,11:01:42,0 days 00:00:00,116.0
33,2022-10-07,212,11:05:19,11:05:34,0 days 00:00:15,116.0
33,2022-10-07,213,11:08:26,11:08:41,0 days 00:00:15,116.0
34,2022-10-07,101,11:33:49,11:34:19,0 days 00:00:30,116.0
34,2022-10-07,102,11:37:19,11:37:30,0 days 00:00:11,116.0
34,2022-10-07,103,11:45:36,11:45:51,0 days 00:00:15,116.0
34,2022-10-07,104,11:49:34,11:49:34,0 days 00:00:00,116.0
34,2022-10-07,105,11:51:51,11:54:06,0 days 00:02:15,116.0
34,2022-10-07,106,11:57:21,11:57:36,0 days 00:00:15,116.0
34,2022-10-07,107,11:58:36,11:58:51,0 days 00:00:15,116.0
34,2022-10-07,109,12:01:21,12:01:51,0 days 00:00:30,116.0
34,2022-10-07,110,12:05:01,12:05:46,0 days 00:00:45,116.0
34,2022-10-07,111,12:08:31,12:08:46,0 days 00:00:15,116.0
34,2022-10-07,112,12:11:22,12:11:37,0 days 00:00:15,116.0
34,2022-10-07,113,12:13:39,12:13:54,0 days 00:00:15,116.0
34,2022-10-07,114,12:15:51,12:16:06,0 days 00:00:15,116.0
35,2022-10-07,201,14:06:33,14:06:48,0 days 00:00:15,116.0
35,2022-10-07,202,14:09:09,14:11:39,0 days 00:02:30,116.0
35,2022-10-07,203,14:13:53,14:14:08,0 days 00:00:15,116.0
35,2022-10-07,204,14:16:23,14:16:38,0 days 00:00:15,116.0
35,2022-10-07,205,14:20:15,14:20:30,0 days 00:00:15,116.0
35,2022-10-07,206,14:22:11,14:22:26,0 days 00:00:15,116.0
35,2022-10-07,207,14:22:56,14:23:01,0 days 00:00:05,116.0
35,2022-10-07,208,14:25:05,14:25:11,0 days 00:00:06,116.0
35,2022-10-07,209,14:28:05,14:28:35,0 days 00:00:30,116.0
35,2022-10-07,210,14:34:11,14:34:26,0 days 00:00:15,116.0
35,2022-10-07,211,14:35:26,14:35:41,0 days 00:00:15,116.0
35,2022-10-07,212,14:38:55,14:39:05,0 days 00:00:10,116.0
35,2022-10-07,213,14:42:03,14:42:18,0 days 00:00:15,116.0
36,2022-10-07,101,15:33:10,15:33:25,0 days 00:00:15,116.0
36,2022-10-07,102,15:36:40,15:36:55,0 days 00:00:15,116.0
36,2022-10-07,103,15:44:11,15:44:24,0 days 00:00:13,116.0
36,2022-10-07,104,15:47:47,15:47:47,0 days 00:00:00,116.0
36,2022-10-07,105,15:49:59,15:50:44,0 days 00:00:45,116.0
36,2022-10-07,106,15:54:34,15:54:49,0 days 00:00:15,116.0
36,2022-10-07,107,15:55:31,15:55:46,0 days 00:00:15,116.0
36,2022-10-07,108,15:56:31,15:56:46,0 days 00:00:15,116.0
36,2022-10-07,109,15:57:16,15:57:46,0 days 00:00:30,116.0
36,2022-10-07,110,16:00:16,16:01:05,0 days 00:00:49,116.0
36,2022-10-07,111,16:05:35,16:05:50,0 days 00:00:15,116.0
36,2022-10-07,112,16:09:29,16:09:44,0 days 00:00:15,116.0
36,2022-10-07,113,16:12:29,16:12:44,0 days 00:00:15,116.0
36,2022-10-07,114,16:15:53,16:16:08,0 days 00:00:15,116.0
37,2022-10-07,201,17:37:01,17:37:16,0 days 00:00:15,116.0
37,2022-10-07,202,17:39:14,17:39:44,0 days 00:00:30,116.0
37,2022-10-07,203,17:43:57,17:44:12,0 days 00:00:15,116.0
37,2022-10-07,204,17:48:12,17:48:27,0 days 00:00:15,116.0
37,2022-10-07,205,17:51:37,17:51:52,0 days 00:00:15,116.0
37,2022-10-07,206,17:54:00,17:55:00,0 days 00:01:00,116.0
37,2022-10-07,207,17:55:30,17:55:39,0 days 00:00:09,116.0
37,2022-10-07,208,17:58:24,17:58:39,0 days 00:00:15,116.0
37,2022-10-07,209,18:02:35,18:02:50,0 days 00:00:15,116.0
37,2022-10-07,210,18:09:16,18:09:30,0 days 00:00:14,116.0
37,2022-10-07,211,18:10:00,18:10:15,0 days 00:00:15,116.0
37,2022-10-07,212,18:15:38,18:15:53,0 days 00:00:15,116.0
37,2022-10-07,213,18:18:35,18:18:50,0 days 00:00:15,116.0
38,2022-10-07,101,20:37:38,20:38:27,0 days 00:00:49,116.0
38,2022-10-07,102,20:41:42,20:41:57,0 days 00:00:15,116.0
38,2022-10-07,103,20:48:41,20:48:56,0 days 00:00:15,116.0
38,2022-10-07,104,20:52:08,20:52:08,0 days 00:00:00,116.0
38,2022-10-07,105,20:54:02,20:54:17,0 days 00:00:15,116.0
38,2022-10-07,106,20:56:47,20:57:02,0 days 00:00:15,116.0
38,2022-10-07,107,20:57:32,20:57:32,0 days 00:00:00,116.0
38,2022-10-07,109,20:58:59,20:59:14,0 days 00:00:15,116.0
38,2022-10-07,110,21:01:28,21:01:43,0 days 00:00:15,116.0
38,2022-10-07,111,21:03:40,21:03:50,0 days 00:00:10,116.0
38,2022-10-07,112,21:06:20,21:06:31,0 days 00:00:11,116.0
38,2022-10-07,113,21:08:10,21:08:10,0 days 00:00:00,116.0
38,2022-10-07,114,21:09:25,21:09:28,0 days 00:00:03,116.0
39,2022-10-08,201,06:55:40,06:55:55,0 days 00:00:15,116.0
39,2022-10-08,202,06:57:10,06:57:17,0 days 00:00:07,116.0
39,2022-10-08,203,06:59:41,07:00:05,0 days 00:00:24,116.0
39,2022-10-08,204,07:03:46,07:04:01,0 days 00:00:15,116.0
39,2022-10-08,205,07:08:16,07:08:56,0 days 00:00:40,116.0
39,2022-10-08,206,07:11:06,07:11:21,0 days 00:00:15,116.0
39,2022-10-08,207,07:11:49,07:12:04,0 days 00:00:15,116.0
39,2022-10-08,208,07:13:58,07:14:10,0 days 00:00:12,116.0
39,2022-10-08,209,07:16:51,07:17:06,0 days 00:00:15,116.0
39,2022-10-08,210,07:22:18,07:22:33,0 days 00:00:15,116.0
39,2022-10-08,211,07:23:33,07:23:48,0 days 00:00:15,116.0
39,2022-10-08,212,07:26:11,07:26:26,0 days 00:00:15,116.0
39,2022-10-08,213,07:28:53,07:29:08,0 days 00:00:15,116.0
40,2022-10-08,101,08:11:51,08:12:06,0 days 00:00:15,116.0
40,2022-10-08,102,08:15:21,08:15:36,0 days 00:00:15,116.0
40,2022-10-08,103,08:22:31,08:22:41,0 days 00:00:10,116.0
40,2022-10-08,104,08:26:03,08:26:18,0 days 00:00:15,116.0
40,2022-10-08,105,08:28:03,08:31:03,0 days 00:03:00,116.0
40,2022-10-08,106,08:34:03,08:34:18,0 days 00:00:15,116.0
40,2022-10-08,107,08:35:18,08:35:33,0 days 00:00:15,116.0
40,2022-10-08,109,08:37:15,08:38:15,0 days 00:01:00,116.0
40,2022-10-08,110,08:40:15,08:40:22,0 days 00:00:07,116.0
40,2022-10-08,111,08:45:26,08:45:41,0 days 00:00:15,116.0
40,2022-10-08,112,08:49:26,08:49:56,0 days 00:00:30,116.0
40,2022-10-08,113,08:52:30,08:52:45,0 days 00:00:15,116.0
40,2022-10-08,114,08:54:42,08:54:57,0 days 00:00:15,116.0
41,2022-10-08,201,11:18:09,11:19:09,0 days 00:01:00,116.0
41,2022-10-08,202,11:21:18,11:21:48,0 days 00:00:30,116.0
41,2022-10-08,203,11:24:33,11:24:48,0 days 00:00:15,116.0
41,2022-10-08,204,11:29:22,11:29:37,0 days 00:00:15,116.0
41,2022-10-08,205,11:32:58,11:33:43,0 days 00:00:45,116.0
41,2022-10-08,206,11:36:59,11:37:14,0 days 00:00:15,116.0
41,2022-10-08,207,11:37:41,11:37:56,0 days 00:00:15,116.0
41,2022-10-08,208,11:39:47,11:40:02,0 days 00:00:15,116.0
41,2022-10-08,209,11:42:47,11:43:32,0 days 00:00:45,116.0
41,2022-10-08,210,11:49:47,11:50:32,0 days 00:00:45,116.0
41,2022-10-08,211,11:51:47,11:52:00,0 days 00:00:13,116.0
41,2022-10-08,212,11:55:39,11:55:54,0 days 00:00:15,116.0
41,2022-10-08,213,11:58:17,11:58:32,0 days 00:00:15,116.0
42,2022-10-08,101,12:45:21,12:45:51,0 days 00:00:30,116.0
42,2022-10-08,102,12:50:06,12:50:21,0 days 00:00:15,116.0
42,2022-10-08,103,12:57:47,12:57:53,0 days 00:00:06,116.0
42,2022-10-08,104,13:02:00,13:02:15,0 days 00:00:15,116.0
42,2022-10-08,105,13:04:27,13:04:57,0 days 00:00:30,116.0
42,2022-10-08,106,13:08:23,13:08:38,0 days 00:00:15,116.0
42,2022-10-08,107,13:09:35,13:09:50,0 days 00:00:15,116.0
42,2022-10-08,109,13:11:20,13:11:35,0 days 00:00:15,116.0
42,2022-10-08,110,13:14:02,13:14:17,0 days 00:00:15,116.0
42,2022-10-08,111,13:16:05,13:16:14,0 days 00:00:09,116.0
42,2022-10-08,112,13:19:01,13:19:06,0 days 00:00:05,116.0
42,2022-10-08,113,13:21:01,13:21:08,0 days 00:00:07,116.0
42,2022-10-08,114,13:22:53,13:23:08,0 days 00:00:15,116.0
43,2022-10-08,201,15:24:26,15:24:41,0 days 00:00:15,116.0
43,2022-10-08,202,15:26:39,15:26:54,0 days 00:00:15,116.0
43,2022-10-08,203,15:28:55,15:29:10,0 days 00:00:15,116.0
43,2022-10-08,204,15:31:36,15:31:36,0 days 00:00:00,116.0
43,2022-10-08,205,15:33:51,15:38:51,0 days 00:05:00,116.0
43,2022-10-08,206,15:41:06,15:41:32,0 days 00:00:26,116.0
43,2022-10-08,207,15:42:02,15:42:02,0 days 00:00:00,116.0
43,2022-10-08,208,15:43:32,15:43:41,0 days 00:00:09,116.0
43,2022-10-08,209,15:46:16,15:46:31,0 days 00:00:15,116.0
43,2022-10-08,210,15:52:46,15:53:01,0 days 00:00:15,116.0
43,2022-10-08,211,15:54:01,15:54:16,0 days 00:00:15,116.0
43,2022-10-08,212,15:57:23,15:57:35,0 days 00:00:12,116.0
43,2022-10-08,213,16:00:35,16:00:35,0 days 00:00:00,116.0
44,2022-10-08,101,17:04:13,17:04:58,0 days 00:00:45,116.0
44,2022-10-08,102,17:08:11,17:08:26,0 days 00:00:15,116.0
44,2022-10-08,103,17:15:19,17:15:34,0 days 00:00:15,116.0
44,2022-10-08,104,17:19:08,17:19:23,0 days 00:00:15,116.0
44,2022-10-08,105,17:22:04,17:22:19,0 days 00:00:15,116.0
44,2022-10-08,106,17:26:19,17:26:49,0 days 00:00:30,116.0
44,2022-10-08,107,17:27:34,17:27:49,0 days 00:00:15,116.0
44,2022-10-08,108,17:29:31,17:30:01,0 days 00:00:30,116.0
44,2022-10-08,109,17:30:31,17:31:01,0 days 00:00:30,116.0
44,2022-10-08,110,17:34:15,17:34:30,0 days 00:00:15,116.0
44,2022-10-08,111,17:37:42,17:38:12,0 days 00:00:30,116.0
44,2022-10-08,112,17:40:42,17:40:55,0 days 00:00:13,116.0
44,2022-10-08,113,17:43:36,17:44:06,0 days 00:00:30,116.0
44,2022-10-08,114,17:45:43,17:45:58,0 days 00:00:15,116.0
45,2022-10-09,201,08:18:45,08:19:00,0 days 00:00:15,116.0
45,2022-10-09,202,08:21:45,08:22:00,0 days 00:00:15,116.0
45,2022-10-09,203,08:25:30,08:25:45,0 days 00:00:15,116.0
45,2022-10-09,204,08:28:55,08:29:10,0 days 00:00:15,116.0
45,2022-10-09,205,08:32:28,08:32:56,0 days 00:00:28,116.0
45,2022-10-09,206,08:35:01,08:35:16,0 days 00:00:15,116.0
45,2022-10-09,207,08:35:43,08:35:52,0 days 00:00:09,116.0
45,2022-10-09,208,08:37:34,08:37:49,0 days 00:00:15,116.0
45,2022-10-09,209,08:40:50,08:43:20,0 days 00:02:30,116.0
45,2022-10-09,210,08:50:03,08:50:18,0 days 00:00:15,116.0
45,2022-10-09,211,08:51:03,08:51:03,0 days 00:00:00,116.0
45,2022-10-09,212,08:54:40,08:54:55,0 days 00:00:15,116.0
45,2022-10-09,213,08:57:25,08:57:40,0 days 00:00:15,116.0
46,2022-10-09,101,09:43:11,09:43:56,0 days 00:00:45,116.0
46,2022-10-09,102,09:46:56,09:47:08,0 days 00:00:12,116.0
46,2022-10-09,103,09:55:02,09:55:17,0 days 00:00:15,116.0
46,2022-10-09,104,09:58:01,09:58:16,0 days 00:00:15,116.0
46,2022-10-09,105,10:00:09,10:01:09,0 days 00:01:00,116.0
46,2022-10-09,106,10:05:24,10:06:24,0 days 00:01:00,116.0
46,2022-10-09,107,10:06:54,10:07:09,0 days 00:00:15,116.0
46,2022-10-09,108,10:08:23,10:08:23,0 days 00:00:00,116.0
46,2022-10-09,109,10:09:08,10:11:08,0 days 00:02:00,116.0
46,2022-10-09,110,10:14:38,10:14:53,0 days 00:00:15,116.0
46,2022-10-09,111,10:17:38,10:17:49,0 days 00:00:11,116.0
46,2022-10-09,112,10:20:26,10:20:39,0 days 00:00:13,116.0
46,2022-10-09,113,10:23:24,10:23:54,0 days 00:00:30,116.0
46,2022-10-09,114,10:25:09,10:25:15,0 days 00:00:06,116.0
47,2022-10-11,201,06:21:11,06:21:26,0 days 00:00:15,116.0
47,2022-10-11,202,06:23:17,06:23:24,0 days 00:00:07,116.0
47,2022-10-11,203,06:25:28,06:25:43,0 days 00:00:15,116.0
47,2022-10-11,204,06:28:42,06:28:57,0 days 00:00:15,116.0
47,2022-10-11,205,06:32:19,06:32:34,0 days 00:00:15,116.0
47,2022-10-11,207,06:35:41,06:35:56,0 days 00:00:15,116.0
47,2022-10-11,208,06:37:38,06:37:53,0 days 00:00:15,116.0
47,2022-10-11,209,06:41:42,06:42:12,0 days 00:00:30,116.0
47,2022-10-11,210,06:50:42,06:51:12,0 days 00:00:30,116.0
47,2022-10-11,211,06:53:42,06:54:57,0 days 00:01:15,116.0
47,2022-10-11,212,07:01:33,07:01:48,0 days 00:00:15,116.0
47,2022-10-11,213,07:09:00,07:09:45,0 days 00:00:45,116.0
48,2022-10-11,101,08:03:32,08:04:32,0 days 00:01:00,116.0
48,2022-10-11,102,08:08:30,08:08:45,0 days 00:00:15,116.0
48,2022-10-11,103,08:14:21,08:14:36,0 days 00:00:15,116.0
48,2022-10-11,104,08:17:14,08:17:14,0 days 00:00:00,116.0
48,2022-10-11,105,08:19:03,08:21:18,0 days 00:02:15,116.0
48,2022-10-11,106,08:23:46,08:24:01,0 days 00:00:15,116.0
48,2022-10-11,107,08:25:01,08:25:16,0 days 00:00:15,116.0
48,2022-10-11,109,08:27:26,08:27:41,0 days 00:00:15,116.0
48,2022-10-11,110,08:30:02,08:30:32,0 days 00:00:30,116.0
48,2022-10-11,111,08:33:14,08:33:29,0 days 00:00:15,116.0
48,2022-10-11,112,08:35:43,08:35:50,0 days 00:00:07,116.0
48,2022-10-11,113,08:38:08,08:38:23,0 days 00:00:15,116.0
48,2022-10-11,114,08:39:56,08:39:56,0 days 00:00:00,116.0
49,2022-10-11,201,10:36:32,10:36:44,0 days 00:00:12,116.0
49,2022-10-11,202,10:38:22,10:38:37,0 days 00:00:15,116.0
49,2022-10-11,203,10:41:27,10:41:42,0 days 00:00:15,116.0
49,2022-10-11,204,10:44:38,10:44:44,0 days 00:00:06,116.0
49,2022-10-11,205,10:47:58,10:48:43,0 days 00:00:45,116.0
49,2022-10-11,206,10:50:52,10:51:37,0 days 00:00:45,116.0
49,2022-10-11,207,10:52:30,10:52:43,0 days 00:00:13,116.0
49,2022-10-11,208,10:55:27,10:55:42,0 days 00:00:15,116.0
49,2022-10-11,209,10:58:08,10:58:23,0 days 00:00:15,116.0
49,2022-10-11,210,11:03:46,11:03:55,0 days 00:00:09,116.0
49,2022-10-11,211,11:05:01,11:05:15,0 days 00:00:14,116.0
49,2022-10-11,212,11:08:38,11:08:53,0 days 00:00:15,116.0
49,2022-10-11,213,11:11:08,11:11:23,0 days 00:00:15,116.0
50,2022-10-11,101,12:03:12,12:03:42,0 days 00:00:30,116.0
50,2022-10-11,102,12:08:25,12:08:40,0 days 00:00:15,116.0
50,2022-10-11,103,12:14:28,12:14:43,0 days 00:00:15,116.0
50,2022-10-11,104,12:17:24,12:17:24,0 days 00:00:00,116.0
50,2022-10-11,105,12:19:06,12:19:21,0 days 00:00:15,116.0
50,2022-10-11,106,12:22:04,12:22:19,0 days 00:00:15,116.0
50,2022-10-11,107,12:23:04,12:23:19,0 days 00:00:15,116.0
50,2022-10-11,108,12:24:28,12:24:32,0 days 00:00:04,116.0
50,2022-10-11,109,12:25:30,12:28:11,0 days 00:02:41,116.0
50,2022-10-11,110,12:31:16,12:31:31,0 days 00:00:15,116.0
50,2022-10-11,111,12:34:31,12:34:46,0 days 00:00:15,116.0
50,2022-10-11,112,12:36:52,12:37:02,0 days 00:00:10,116.0
50,2022-10-11,113,12:39:37,12:39:52,0 days 00:00:15,116.0
50,2022-10-11,114,12:41:22,12:41:37,0 days 00:00:15,116.0
51,2022-10-11,201,14:26:09,14:26:24,0 days 00:00:15,116.0
51,2022-10-11,202,14:28:51,14:30:21,0 days 00:01:30,116.0
51,2022-10-11,203,14:33:36,14:33:51,0 days 00:00:15,116.0
51,2022-10-11,204,14:36:49,14:37:04,0 days 00:00:15,116.0
51,2022-10-11,205,14:41:44,14:42:14,0 days 00:00:30,116.0
51,2022-10-11,206,14:44:56,14:45:09,0 days 00:00:13,116.0
51,2022-10-11,207,14:45:39,14:45:39,0 days 00:00:00,116.0
51,2022-10-11,208,14:47:33,14:47:42,0 days 00:00:09,116.0
51,2022-10-11,209,14:50:09,14:50:24,0 days 00:00:15,116.0
51,2022-10-11,210,14:56:36,14:56:51,0 days 00:00:15,116.0
51,2022-10-11,211,14:57:36,14:57:51,0 days 00:00:15,116.0
51,2022-10-11,212,15:00:51,15:01:21,0 days 00:00:30,116.0
51,2022-10-11,213,15:04:20,15:04:35,0 days 00:00:15,116.0
52,2022-10-11,101,15:53:15,15:53:30,0 days 00:00:15,116.0
52,2022-10-11,102,15:58:15,15:58:30,0 days 00:00:15,116.0
52,2022-10-11,103,16:05:15,16:05:30,0 days 00:00:15,116.0
52,2022-10-11,104,16:09:45,16:10:00,0 days 00:00:15,116.0
52,2022-10-11,105,16:12:15,16:13:00,0 days 00:00:45,116.0
52,2022-10-11,106,16:16:09,16:16:54,0 days 00:00:45,116.0
52,2022-10-11,107,16:17:39,16:17:54,0 days 00:00:15,116.0
52,2022-10-11,108,16:19:21,16:19:36,0 days 00:00:15,116.0
52,2022-10-11,109,16:20:21,16:21:36,0 days 00:01:15,116.0
52,2022-10-11,110,16:24:33,16:24:48,0 days 00:00:15,116.0
52,2022-10-11,111,16:28:08,16:28:23,0 days 00:00:15,116.0
52,2022-10-11,112,16:31:49,16:32:04,0 days 00:00:15,116.0
52,2022-10-11,113,16:34:48,16:35:03,0 days 00:00:15,116.0
52,2022-10-11,114,16:36:35,16:36:50,0 days 00:00:15,116.0
53,2022-10-12,201,06:25:20,06:26:03,0 days 00:00:43,116.0
53,2022-10-12,202,06:27:20,06:27:30,0 days 00:00:10,116.0
53,2022-10-12,204,06:31:57,06:32:12,0 days 00:00:15,116.0
53,2022-10-12,205,06:34:38,06:36:08,0 days 00:01:30,116.0
53,2022-10-12,206,06:37:53,06:38:08,0 days 00:00:15,116.0
53,2022-10-12,207,06:40:21,06:40:36,0 days 00:00:15,116.0
53,2022-10-12,208,06:42:11,06:42:11,0 days 00:00:00,116.0
53,2022-10-12,209,06:46:00,06:46:30,0 days 00:00:30,116.0
53,2022-10-12,210,06:54:36,06:54:51,0 days 00:00:15,116.0
53,2022-10-12,211,06:57:36,06:57:51,0 days 00:00:15,116.0
53,2022-10-12,212,07:03:10,07:03:25,0 days 00:00:15,116.0
53,2022-10-12,213,07:09:41,07:09:56,0 days 00:00:15,116.0
54,2022-10-12,101,07:32:26,07:32:41,0 days 00:00:15,116.0
54,2022-10-12,102,07:37:05,07:37:20,0 days 00:00:15,116.0
54,2022-10-12,103,07:42:44,07:42:59,0 days 00:00:15,116.0
54,2022-10-12,104,07:47:01,07:47:16,0 days 00:00:15,116.0
54,2022-10-12,105,07:49:45,07:51:45,0 days 00:02:00,116.0
54,2022-10-12,106,07:54:17,07:54:32,0 days 00:00:15,116.0
54,2022-10-12,107,07:55:02,07:55:17,0 days 00:00:15,116.0
54,2022-10-12,109,07:56:50,07:57:20,0 days 00:00:30,116.0
54,2022-10-12,110,07:59:35,07:59:50,0 days 00:00:15,116.0
54,2022-10-12,111,08:02:14,08:02:14,0 days 00:00:00,116.0
54,2022-10-12,112,08:03:44,08:03:56,0 days 00:00:12,116.0
54,2022-10-12,113,08:05:42,08:05:57,0 days 00:00:15,116.0
54,2022-10-12,114,08:07:21,08:07:36,0 days 00:00:15,116.0
55,2022-10-12,201,10:46:53,10:47:08,0 days 00:00:15,116.0
55,2022-10-12,202,10:49:16,10:49:46,0 days 00:00:30,116.0
55,2022-10-12,203,10:52:40,10:52:55,0 days 00:00:15,116.0
55,2022-10-12,204,10:56:04,10:56:19,0 days 00:00:15,116.0
55,2022-10-12,205,10:59:05,10:59:42,0 days 00:00:37,116.0
55,2022-10-12,206,11:01:11,11:01:38,0 days 00:00:27,116.0
55,2022-10-12,207,11:02:23,11:02:47,0 days 00:00:24,116.0
55,2022-10-12,208,11:04:12,11:04:17,0 days 00:00:05,116.0
55,2022-10-12,209,11:06:21,11:06:36,0 days 00:00:15,116.0
55,2022-10-12,210,11:12:21,11:12:36,0 days 00:00:15,116.0
55,2022-10-12,211,11:13:51,11:14:06,0 days 00:00:15,116.0
55,2022-10-12,212,11:16:47,11:17:00,0 days 00:00:13,116.0
55,2022-10-12,213,11:19:56,11:20:11,0 days 00:00:15,116.0
56,2022-10-12,101,11:43:52,11:44:22,0 days 00:00:30,116.0
56,2022-10-12,102,11:48:07,11:48:22,0 days 00:00:15,116.0
56,2022-10-12,103,11:57:02,11:57:17,0 days 00:00:15,116.0
56,2022-10-12,104,12:01:32,12:01:47,0 days 00:00:15,116.0
56,2022-10-12,105,12:04:16,12:05:46,0 days 00:01:30,116.0
56,2022-10-12,106,12:08:46,12:09:31,0 days 00:00:45,116.0
56,2022-10-12,107,12:10:10,12:10:25,0 days 00:00:15,116.0
56,2022-10-12,108,12:11:55,12:11:55,0 days 00:00:00,116.0
56,2022-10-12,109,12:12:40,12:13:47,0 days 00:01:07,116.0
56,2022-10-12,110,12:16:32,12:17:17,0 days 00:00:45,116.0
56,2022-10-12,111,12:20:15,12:20:30,0 days 00:00:15,116.0
56,2022-10-12,112,12:23:40,12:23:55,0 days 00:00:15,116.0
56,2022-10-12,113,12:26:01,12:26:16,0 days 00:00:15,116.0
56,2022-10-12,114,12:27:31,12:27:36,0 days 00:00:05,116.0
57,2022-10-12,201,14:46:42,14:46:57,0 days 00:00:15,116.0
57,2022-10-12,202,14:49:20,14:49:34,0 days 00:00:14,116.0
57,2022-10-12,203,14:52:01,14:52:16,0 days 00:00:15,116.0
57,2022-10-12,204,14:54:58,14:55:12,0 days 00:00:14,116.0
57,2022-10-12,205,14:57:50,14:58:05,0 days 00:00:15,116.0
57,2022-10-12,206,14:59:58,15:02:28,0 days 00:02:30,116.0
57,2022-10-12,207,15:03:28,15:03:43,0 days 00:00:15,116.0
57,2022-10-12,208,15:05:39,15:05:54,0 days 00:00:15,116.0
57,2022-10-12,209,15:08:58,15:09:13,0 days 00:00:15,116.0
57,2022-10-12,210,15:16:32,15:16:47,0 days 00:00:15,116.0
57,2022-10-12,211,15:17:32,15:17:47,0 days 00:00:15,116.0
57,2022-10-12,212,15:21:17,15:21:32,0 days 00:00:15,116.0
57,2022-10-12,213,15:24:32,15:24:47,0 days 00:00:15,116.0
58,2022-10-12,101,16:02:30,16:03:00,0 days 00:00:30,116.0
58,2022-10-12,102,16:06:58,16:07:13,0 days 00:00:15,116.0
58,2022-10-12,103,16:14:27,16:14:42,0 days 00:00:15,116.0
58,2022-10-12,104,16:18:40,16:18:40,0 days 00:00:00,116.0
58,2022-10-12,105,16:20:46,16:21:31,0 days 00:00:45,116.0
58,2022-10-12,106,16:24:46,16:25:01,0 days 00:00:15,116.0
58,2022-10-12,107,16:25:31,16:25:46,0 days 00:00:15,116.0
58,2022-10-12,109,16:27:42,16:27:57,0 days 00:00:15,116.0
58,2022-10-12,110,16:30:30,16:31:00,0 days 00:00:30,116.0
58,2022-10-12,111,16:33:58,16:34:13,0 days 00:00:15,116.0
58,2022-10-12,112,16:37:43,16:37:58,0 days 00:00:15,116.0
58,2022-10-12,113,16:40:58,16:41:58,0 days 00:01:00,116.0
58,2022-10-12,114,16:44:13,16:44:28,0 days 00:00:15,116.0
59,2022-10-13,201,06:25:05,06:25:32,0 days 00:00:27,116.0
59,2022-10-13,202,06:26:59,06:27:14,0 days 00:00:15,116.0
59,2022-10-13,203,06:28:57,06:29:12,0 days 00:00:15,116.0
59,2022-10-13,204,06:31:22,06:31:37,0 days 00:00:15,116.0
59,2022-10-13,205,06:34:32,06:34:47,0 days 00:00:15,116.0
59,2022-10-13,206,06:36:07,06:36:22,0 days 00:00:15,116.0
59,2022-10-13,207,06:37:21,06:37:36,0 days 00:00:15,116.0
59,2022-10-13,208,06:39:04,06:39:19,0 days 00:00:15,116.0
59,2022-10-13,209,06:42:00,06:42:15,0 days 00:00:15,116.0
59,2022-10-13,210,06:50:38,06:50:53,0 days 00:00:15,116.0
59,2022-10-13,211,06:53:09,06:53:39,0 days 00:00:30,116.0
59,2022-10-13,212,06:58:04,06:58:34,0 days 00:00:30,116.0
59,2022-10-13,213,07:03:49,07:04:04,0 days 00:00:15,116.0
60,2022-10-13,101,07:52:52,07:53:07,0 days 00:00:15,116.0
60,2022-10-13,102,07:55:37,07:55:52,0 days 00:00:15,116.0
60,2022-10-13,103,08:02:24,08:02:39,0 days 00:00:15,116.0
60,2022-10-13,105,08:07:38,08:10:38,0 days 00:03:00,116.0
60,2022-10-13,106,08:13:22,08:13:37,0 days 00:00:15,116.0
60,2022-10-13,107,08:14:07,08:14:22,0 days 00:00:15,116.0
60,2022-10-13,109,08:16:14,08:16:29,0 days 00:00:15,116.0
60,2022-10-13,110,08:19:14,08:19:41,0 days 00:00:27,116.0
60,2022-10-13,111,08:21:11,08:21:20,0 days 00:00:09,116.0
60,2022-10-13,112,08:23:30,08:23:41,0 days 00:00:11,116.0
60,2022-10-13,113,08:26:16,08:26:31,0 days 00:00:15,116.0
60,2022-10-13,114,08:27:46,08:27:51,0 days 00:00:05,116.0
61,2022-10-13,201,11:17:56,11:18:11,0 days 00:00:15,116.0
61,2022-10-13,202,11:20:01,11:20:16,0 days 00:00:15,116.0
61,2022-10-13,203,11:22:07,11:22:22,0 days 00:00:15,116.0
61,2022-10-13,204,11:25:36,11:25:40,0 days 00:00:04,116.0
61,2022-10-13,205,11:29:10,11:29:18,0 days 00:00:08,116.0
61,2022-10-13,207,11:31:53,11:31:53,0 days 00:00:00,116.0
61,2022-10-13,208,11:33:36,11:33:40,0 days 00:00:04,116.0
61,2022-10-13,209,11:36:41,11:36:55,0 days 00:00:14,116.0
61,2022-10-13,210,11:42:20,11:42:35,0 days 00:00:15,116.0
61,2022-10-13,211,11:43:12,11:43:24,0 days 00:00:12,116.0
61,2022-10-13,212,11:46:17,11:46:22,0 days 00:00:05,116.0
61,2022-10-13,213,11:49:32,11:49:47,0 days 00:00:15,116.0
62,2022-10-13,101,12:23:39,12:23:54,0 days 00:00:15,116.0
62,2022-10-13,102,12:27:39,12:27:54,0 days 00:00:15,116.0
62,2022-10-13,103,12:36:00,12:36:15,0 days 00:00:15,116.0
62,2022-10-13,104,12:39:15,12:39:30,0 days 00:00:15,116.0
62,2022-10-13,105,12:41:30,12:41:45,0 days 00:00:15,116.0
62,2022-10-13,106,12:45:00,12:45:15,0 days 00:00:15,116.0
62,2022-10-13,107,12:45:59,12:46:14,0 days 00:00:15,116.0
62,2022-10-13,109,12:48:32,12:49:47,0 days 00:01:15,116.0
62,2022-10-13,110,12:53:26,12:53:41,0 days 00:00:15,116.0
62,2022-10-13,111,12:57:22,12:57:22,0 days 00:00:00,116.0
62,2022-10-13,112,13:00:43,13:00:58,0 days 00:00:15,116.0
62,2022-10-13,113,13:03:32,13:03:47,0 days 00:00:15,116.0
62,2022-10-13,114,13:05:28,13:05:43,0 days 00:00:15,116.0
63,2022-10-13,201,15:06:27,15:06:42,0 days 00:00:15,116.0
63,2022-10-13,202,15:08:50,15:10:17,0 days 00:01:27,116.0
63,2022-10-13,203,15:12:16,15:12:31,0 days 00:00:15,116.0
63,2022-10-13,204,15:14:57,15:15:02,0 days 00:00:05,116.0
63,2022-10-13,205,15:17:55,15:18:02,0 days 00:00:07,116.0
63,2022-10-13,206,15:19:27,15:19:42,0 days 00:00:15,116.0
63,2022-10-13,207,15:20:12,15:20:12,0 days 00:00:00,116.0
63,2022-10-13,208,15:21:54,15:22:24,0 days 00:00:30,116.0
63,2022-10-13,209,15:26:15,15:27:15,0 days 00:01:00,116.0
63,2022-10-13,210,15:33:51,15:34:06,0 days 00:00:15,116.0
63,2022-10-13,211,15:35:06,15:35:17,0 days 00:00:11,116.0
63,2022-10-13,212,15:37:56,15:38:11,0 days 00:00:15,116.0
63,2022-10-13,213,15:41:35,15:41:50,0 days 00:00:15,116.0
64,2022-10-13,101,16:33:04,16:33:19,0 days 00:00:15,116.0
64,2022-10-13,102,16:37:49,16:38:04,0 days 00:00:15,116.0
64,2022-10-13,103,16:45:25,16:45:40,0 days 00:00:15,116.0
64,2022-10-13,104,16:49:11,16:49:11,0 days 00:00:00,116.0
64,2022-10-13,105,16:50:50,16:51:05,0 days 00:00:15,116.0
64,2022-10-13,106,16:53:52,16:54:06,0 days 00:00:14,116.0
64,2022-10-13,107,16:54:59,16:55:14,0 days 00:00:15,116.0
64,2022-10-13,109,16:56:51,16:57:00,0 days 00:00:09,116.0
64,2022-10-13,110,16:59:55,17:00:26,0 days 00:00:31,116.0
64,2022-10-13,111,17:02:57,17:03:12,0 days 00:00:15,116.0
64,2022-10-13,112,17:05:50,17:06:05,0 days 00:00:15,116.0
64,2022-10-13,113,17:09:50,17:12:20,0 days 00:02:30,116.0
64,2022-10-13,114,17:14:25,17:14:40,0 days 00:00:15,116.0
65,2022-10-17,201,05:43:45,05:44:15,0 days 00:00:30,116.0
65,2022-10-17,202,05:46:09,05:46:24,0 days 00:00:15,116.0
65,2022-10-17,203,05:48:38,05:48:53,0 days 00:00:15,116.0
65,2022-10-17,204,05:51:32,05:51:47,0 days 00:00:15,116.0
65,2022-10-17,205,05:54:01,05:54:16,0 days 00:00:15,116.0
65,2022-10-17,206,05:55:31,05:55:31,0 days 00:00:00,116.0
65,2022-10-17,208,05:56:58,05:56:58,0 days 00:00:00,116.0
65,2022-10-17,209,05:59:38,06:00:08,0 days 00:00:30,116.0
65,2022-10-17,210,06:07:26,06:07:41,0 days 00:00:15,116.0
65,2022-10-17,211,06:08:33,06:08:46,0 days 00:00:13,116.0
65,2022-10-17,212,06:11:37,06:11:51,0 days 00:00:14,116.0
65,2022-10-17,213,06:14:14,06:14:29,0 days 00:00:15,116.0
66,2022-10-17,101,06:52:34,06:56:34,0 days 00:04:00,116.0
66,2022-10-17,102,07:02:30,07:03:00,0 days 00:00:30,116.0
66,2022-10-17,103,07:12:07,07:12:22,0 days 00:00:15,116.0
66,2022-10-17,104,07:16:52,07:16:52,0 days 00:00:00,116.0
66,2022-10-17,105,07:18:47,07:19:47,0 days 00:01:00,116.0
66,2022-10-17,106,07:22:54,07:23:09,0 days 00:00:15,116.0
66,2022-10-17,107,07:24:09,07:24:23,0 days 00:00:14,116.0
66,2022-10-17,108,07:25:28,07:25:36,0 days 00:00:08,116.0
66,2022-10-17,109,07:26:36,07:28:36,0 days 00:02:00,116.0
66,2022-10-17,110,07:31:49,07:32:06,0 days 00:00:17,116.0
66,2022-10-17,111,07:36:02,07:36:17,0 days 00:00:15,116.0
66,2022-10-17,112,07:39:16,07:39:31,0 days 00:00:15,116.0
66,2022-10-17,113,07:42:40,07:43:10,0 days 00:00:30,116.0
66,2022-10-17,114,07:44:44,07:44:59,0 days 00:00:15,116.0
67,2022-10-17,201,09:24:06,09:24:21,0 days 00:00:15,116.0
67,2022-10-17,202,09:26:49,09:27:04,0 days 00:00:15,116.0
67,2022-10-17,203,09:30:19,09:30:34,0 days 00:00:15,116.0
67,2022-10-17,204,09:33:34,09:33:38,0 days 00:00:04,116.0
67,2022-10-17,205,09:36:28,09:36:41,0 days 00:00:13,116.0
67,2022-10-17,206,09:38:52,09:39:07,0 days 00:00:15,116.0
67,2022-10-17,207,09:39:50,09:40:05,0 days 00:00:15,116.0
67,2022-10-17,208,09:41:33,09:41:39,0 days 00:00:06,116.0
67,2022-10-17,209,09:44:05,09:44:20,0 days 00:00:15,116.0
67,2022-10-17,210,09:50:05,09:50:20,0 days 00:00:15,116.0
67,2022-10-17,211,09:51:20,09:51:35,0 days 00:00:15,116.0
67,2022-10-17,212,09:54:33,09:54:48,0 days 00:00:15,116.0
67,2022-10-17,213,09:56:59,09:56:59,0 days 00:00:00,116.0
68,2022-10-17,101,10:32:58,10:33:43,0 days 00:00:45,116.0
68,2022-10-17,102,10:37:10,10:37:25,0 days 00:00:15,116.0
68,2022-10-17,103,10:43:54,10:44:09,0 days 00:00:15,116.0
68,2022-10-17,104,10:47:20,10:47:20,0 days 00:00:00,116.0
68,2022-10-17,105,10:49:12,10:50:57,0 days 00:01:45,116.0
68,2022-10-17,106,10:54:07,10:54:22,0 days 00:00:15,116.0
68,2022-10-17,107,10:55:22,10:55:37,0 days 00:00:15,116.0
68,2022-10-17,108,10:57:22,10:57:37,0 days 00:00:15,116.0
68,2022-10-17,109,10:58:22,10:59:18,0 days 00:00:56,116.0
68,2022-10-17,110,11:02:17,11:02:32,0 days 00:00:15,116.0
68,2022-10-17,111,11:05:05,11:05:05,0 days 00:00:00,116.0
68,2022-10-17,112,11:07:05,11:07:20,0 days 00:00:15,116.0
68,2022-10-17,113,11:08:48,11:09:03,0 days 00:00:15,116.0
68,2022-10-17,114,11:10:03,11:10:03,0 days 00:00:00,116.0
69,2022-10-17,201,12:56:58,12:57:13,0 days 00:00:15,116.0
69,2022-10-17,202,12:59:29,12:59:44,0 days 00:00:15,116.0
69,2022-10-17,203,13:02:35,13:02:50,0 days 00:00:15,116.0
69,2022-10-17,204,13:06:04,13:06:19,0 days 00:00:15,116.0
69,2022-10-17,205,13:09:23,13:09:53,0 days 00:00:30,116.0
69,2022-10-17,206,13:11:59,13:12:29,0 days 00:00:30,116.0
69,2022-10-17,207,13:13:14,13:13:14,0 days 00:00:00,116.0
69,2022-10-17,208,13:14:44,13:14:44,0 days 00:00:00,116.0
69,2022-10-17,209,13:18:58,13:20:28,0 days 00:01:30,116.0
69,2022-10-17,210,13:27:28,13:27:43,0 days 00:00:15,116.0
69,2022-10-17,211,13:28:43,13:29:43,0 days 00:01:00,116.0
69,2022-10-17,212,13:34:34,13:34:49,0 days 00:00:15,116.0
69,2022-10-17,213,13:43:04,13:44:04,0 days 00:01:00,116.0
70,2022-10-17,101,14:32:46,14:33:16,0 days 00:00:30,116.0
70,2022-10-17,102,14:37:00,14:37:13,0 days 00:00:13,116.0
70,2022-10-17,103,14:43:44,14:43:59,0 days 00:00:15,116.0
70,2022-10-17,104,14:47:36,14:47:51,0 days 00:00:15,116.0
70,2022-10-17,105,14:50:28,14:51:57,0 days 00:01:29,116.0
70,2022-10-17,106,14:54:43,14:54:58,0 days 00:00:15,116.0
70,2022-10-17,107,14:55:28,14:55:43,0 days 00:00:15,116.0
70,2022-10-17,109,14:58:15,14:58:45,0 days 00:00:30,116.0
70,2022-10-17,110,15:01:27,15:01:42,0 days 00:00:15,116.0
70,2022-10-17,111,15:04:27,15:04:42,0 days 00:00:15,116.0
70,2022-10-17,112,15:07:53,15:08:08,0 days 00:00:15,116.0
70,2022-10-17,113,15:09:57,15:10:12,0 days 00:00:15,116.0
70,2022-10-17,114,15:12:02,15:12:17,0 days 00:00:15,116.0
71,2022-10-17,201,16:05:48,16:06:03,0 days 00:00:15,116.0
71,2022-10-17,202,16:07:57,16:08:08,0 days 00:00:11,116.0
71,2022-10-17,203,16:10:42,16:10:57,0 days 00:00:15,116.0
71,2022-10-17,204,16:13:56,16:14:26,0 days 00:00:30,116.0
71,2022-10-17,205,16:17:56,16:18:17,0 days 00:00:21,116.0
71,2022-10-17,206,16:19:59,16:20:59,0 days 00:01:00,116.0
71,2022-10-17,207,16:21:44,16:22:14,0 days 00:00:30,116.0
71,2022-10-17,208,16:24:58,16:25:13,0 days 00:00:15,116.0
71,2022-10-17,209,16:28:16,16:29:01,0 days 00:00:45,116.0
71,2022-10-17,210,16:35:25,16:35:40,0 days 00:00:15,116.0
71,2022-10-17,211,16:36:25,16:36:40,0 days 00:00:15,116.0
71,2022-10-17,212,16:39:53,16:40:08,0 days 00:00:15,116.0
71,2022-10-17,213,16:42:47,16:43:02,0 days 00:00:15,116.0
72,2022-10-17,101,17:43:10,17:43:25,0 days 00:00:15,116.0
72,2022-10-17,102,17:46:25,17:46:40,0 days 00:00:15,116.0
72,2022-10-17,103,17:53:04,17:53:19,0 days 00:00:15,116.0
72,2022-10-17,104,17:57:00,17:57:15,0 days 00:00:15,116.0
72,2022-10-17,105,17:59:18,17:59:48,0 days 00:00:30,116.0
72,2022-10-17,106,18:03:16,18:03:46,0 days 00:00:30,116.0
72,2022-10-17,107,18:04:16,18:04:24,0 days 00:00:08,116.0
72,2022-10-17,109,18:06:41,18:06:56,0 days 00:00:15,116.0
72,2022-10-17,110,18:09:08,18:09:23,0 days 00:00:15,116.0
72,2022-10-17,111,18:12:13,18:12:22,0 days 00:00:09,116.0
72,2022-10-17,112,18:14:38,18:15:08,0 days 00:00:30,116.0
72,2022-10-17,113,18:17:29,18:17:44,0 days 00:00:15,116.0
72,2022-10-17,114,18:19:53,18:20:08,0 days 00:00:15,116.0
73,2022-10-18,201,09:14:01,09:14:16,0 days 00:00:15,116.0
73,2022-10-18,202,09:15:35,09:15:43,0 days 00:00:08,116.0
73,2022-10-18,203,09:21:28,09:21:43,0 days 00:00:15,116.0
73,2022-10-18,204,09:26:05,09:26:05,0 days 00:00:00,116.0
73,2022-10-18,205,09:29:36,09:29:51,0 days 00:00:15,116.0
73,2022-10-18,206,09:32:05,09:32:50,0 days 00:00:45,116.0
73,2022-10-18,207,09:33:35,09:33:35,0 days 00:00:00,116.0
73,2022-10-18,208,09:35:48,09:36:03,0 days 00:00:15,116.0
73,2022-10-18,209,09:38:44,09:38:59,0 days 00:00:15,116.0
73,2022-10-18,210,09:44:20,09:44:35,0 days 00:00:15,116.0
73,2022-10-18,211,09:45:20,09:45:20,0 days 00:00:00,116.0
73,2022-10-18,212,09:47:35,09:47:50,0 days 00:00:15,116.0
73,2022-10-18,213,09:50:05,09:50:20,0 days 00:00:15,116.0
74,2022-10-18,101,10:34:29,10:34:59,0 days 00:00:30,116.0
74,2022-10-18,102,10:38:39,10:38:54,0 days 00:00:15,116.0
74,2022-10-18,103,10:44:54,10:45:09,0 days 00:00:15,116.0
74,2022-10-18,104,10:49:29,10:49:29,0 days 00:00:00,116.0
74,2022-10-18,105,10:51:16,10:51:31,0 days 00:00:15,116.0
74,2022-10-18,106,10:54:56,10:55:11,0 days 00:00:15,116.0
74,2022-10-18,107,10:56:11,10:56:26,0 days 00:00:15,116.0
74,2022-10-18,108,10:57:41,10:57:56,0 days 00:00:15,116.0
74,2022-10-18,109,10:58:41,10:59:26,0 days 00:00:45,116.0
74,2022-10-18,110,11:03:05,11:04:20,0 days 00:01:15,116.0
74,2022-10-18,111,11:07:15,11:07:27,0 days 00:00:12,116.0
74,2022-10-18,112,11:10:52,11:11:07,0 days 00:00:15,116.0
74,2022-10-18,113,11:13:37,11:13:51,0 days 00:00:14,116.0
74,2022-10-18,114,11:15:27,11:15:42,0 days 00:00:15,116.0
75,2022-10-18,201,13:07:04,13:07:20,0 days 00:00:16,116.0
75,2022-10-18,202,13:09:05,13:09:19,0 days 00:00:14,116.0
75,2022-10-18,203,13:11:35,13:11:50,0 days 00:00:15,116.0
75,2022-10-18,204,13:14:09,13:14:24,0 days 00:00:15,116.0
75,2022-10-18,205,13:17:45,13:17:53,0 days 00:00:08,116.0
75,2022-10-18,206,13:19:57,13:20:12,0 days 00:00:15,116.0
75,2022-10-18,207,13:20:53,13:21:08,0 days 00:00:15,116.0
75,2022-10-18,208,13:22:47,13:23:02,0 days 00:00:15,116.0
75,2022-10-18,209,13:26:26,13:26:41,0 days 00:00:15,116.0
75,2022-10-18,210,13:32:01,13:32:16,0 days 00:00:15,116.0
75,2022-10-18,211,13:33:46,13:34:01,0 days 00:00:15,116.0
75,2022-10-18,212,13:38:45,13:39:00,0 days 00:00:15,116.0
75,2022-10-18,213,13:47:13,13:47:58,0 days 00:00:45,116.0
76,2022-10-18,101,14:43:13,14:43:58,0 days 00:00:45,116.0
76,2022-10-18,102,14:47:32,14:47:47,0 days 00:00:15,116.0
76,2022-10-18,103,14:55:23,14:55:38,0 days 00:00:15,116.0
76,2022-10-18,104,14:59:31,14:59:46,0 days 00:00:15,116.0
76,2022-10-18,105,15:01:57,15:02:42,0 days 00:00:45,116.0
76,2022-10-18,106,15:06:27,15:06:42,0 days 00:00:15,116.0
76,2022-10-18,107,15:07:27,15:07:54,0 days 00:00:27,116.0
76,2022-10-18,108,15:09:00,15:09:15,0 days 00:00:15,116.0
76,2022-10-18,109,15:10:00,15:11:15,0 days 00:01:15,116.0
76,2022-10-18,110,15:13:50,15:14:05,0 days 00:00:15,116.0
76,2022-10-18,111,15:16:26,15:16:41,0 days 00:00:15,116.0
76,2022-10-18,112,15:19:56,15:20:11,0 days 00:00:15,116.0
76,2022-10-18,113,15:22:37,15:22:52,0 days 00:00:15,116.0
76,2022-10-18,114,15:24:50,15:25:20,0 days 00:00:30,116.0
77,2022-10-19,201,09:05:10,09:05:24,0 days 00:00:14,116.0
77,2022-10-19,202,09:07:05,09:07:20,0 days 00:00:15,116.0
77,2022-10-19,203,09:09:46,09:10:01,0 days 00:00:15,116.0
77,2022-10-19,204,09:12:01,09:12:16,0 days 00:00:15,116.0
77,2022-10-19,205,09:16:39,09:16:55,0 days 00:00:16,116.0
77,2022-10-19,206,09:19:10,09:19:25,0 days 00:00:15,116.0
77,2022-10-19,207,09:20:25,09:20:40,0 days 00:00:15,116.0
77,2022-10-19,208,09:22:40,09:22:55,0 days 00:00:15,116.0
77,2022-10-19,209,09:26:28,09:27:13,0 days 00:00:45,116.0
77,2022-10-19,210,09:32:35,09:32:50,0 days 00:00:15,116.0
77,2022-10-19,211,09:33:50,09:34:05,0 days 00:00:15,116.0
77,2022-10-19,212,09:37:22,09:37:35,0 days 00:00:13,116.0
77,2022-10-19,213,09:40:12,09:40:27,0 days 00:00:15,116.0
78,2022-10-19,101,10:23:31,10:24:01,0 days 00:00:30,116.0
78,2022-10-19,102,10:27:16,10:27:31,0 days 00:00:15,116.0
78,2022-10-19,103,10:34:14,10:34:29,0 days 00:00:15,116.0
78,2022-10-19,104,10:38:14,10:38:29,0 days 00:00:15,116.0
78,2022-10-19,105,10:40:51,10:41:21,0 days 00:00:30,116.0
78,2022-10-19,106,10:44:06,10:44:36,0 days 00:00:30,116.0
78,2022-10-19,107,10:45:36,10:46:06,0 days 00:00:30,116.0
78,2022-10-19,108,10:47:21,10:47:36,0 days 00:00:15,116.0
78,2022-10-19,109,10:48:36,10:49:06,0 days 00:00:30,116.0
78,2022-10-19,110,10:51:43,10:51:58,0 days 00:00:15,116.0
78,2022-10-19,111,10:54:17,10:54:24,0 days 00:00:07,116.0
78,2022-10-19,112,10:56:09,10:56:13,0 days 00:00:04,116.0
78,2022-10-19,113,10:58:58,10:59:13,0 days 00:00:15,116.0
78,2022-10-19,114,11:00:58,11:01:06,0 days 00:00:08,116.0
79,2022-10-19,201,13:17:20,13:17:35,0 days 00:00:15,116.0
79,2022-10-19,202,13:19:54,13:20:24,0 days 00:00:30,116.0
79,2022-10-19,203,13:23:04,13:23:19,0 days 00:00:15,116.0
79,2022-10-19,204,13:26:21,13:26:27,0 days 00:00:06,116.0
79,2022-10-19,205,13:29:39,13:29:48,0 days 00:00:09,116.0
79,2022-10-19,206,13:32:12,13:33:12,0 days 00:01:00,116.0
79,2022-10-19,207,13:33:57,13:34:12,0 days 00:00:15,116.0
79,2022-10-19,208,13:36:12,13:36:27,0 days 00:00:15,116.0
79,2022-10-19,209,13:39:55,13:40:10,0 days 00:00:15,116.0
79,2022-10-19,210,13:45:58,13:46:13,0 days 00:00:15,116.0
79,2022-10-19,211,13:46:58,13:47:13,0 days 00:00:15,116.0
79,2022-10-19,212,13:53:35,13:54:05,0 days 00:00:30,116.0
79,2022-10-19,213,14:01:58,14:02:13,0 days 00:00:15,116.0
80,2022-10-19,101,14:44:00,14:44:15,0 days 00:00:15,116.0
80,2022-10-19,102,14:47:42,14:47:57,0 days 00:00:15,116.0
80,2022-10-19,103,14:55:06,14:55:21,0 days 00:00:15,116.0
80,2022-10-19,104,14:58:58,14:59:12,0 days 00:00:14,116.0
80,2022-10-19,105,15:00:57,15:01:42,0 days 00:00:45,116.0
80,2022-10-19,106,15:04:43,15:04:58,0 days 00:00:15,116.0
80,2022-10-19,107,15:05:28,15:05:28,0 days 00:00:00,116.0
80,2022-10-19,109,15:07:38,15:08:08,0 days 00:00:30,116.0
80,2022-10-19,110,15:11:00,15:11:15,0 days 00:00:15,116.0
80,2022-10-19,112,15:15:56,15:16:00,0 days 00:00:04,116.0
80,2022-10-19,113,15:17:48,15:17:53,0 days 00:00:05,116.0
80,2022-10-19,114,15:19:32,15:19:47,0 days 00:00:15,116.0
81,2022-10-19,201,17:24:56,17:25:11,0 days 00:00:15,116.0
81,2022-10-19,202,17:27:26,17:27:38,0 days 00:00:12,116.0
81,2022-10-19,203,17:34:12,17:34:27,0 days 00:00:15,116.0
81,2022-10-19,204,17:37:44,17:37:59,0 days 00:00:15,116.0
81,2022-10-19,205,17:41:59,17:42:44,0 days 00:00:45,116.0
81,2022-10-19,206,17:44:57,17:45:12,0 days 00:00:15,116.0
81,2022-10-19,207,17:46:10,17:46:25,0 days 00:00:15,116.0
81,2022-10-19,208,17:48:53,17:49:08,0 days 00:00:15,116.0
81,2022-10-19,209,17:52:33,17:52:48,0 days 00:00:15,116.0
81,2022-10-19,210,17:59:33,17:59:46,0 days 00:00:13,116.0
81,2022-10-19,211,18:00:31,18:00:46,0 days 00:00:15,116.0
81,2022-10-19,212,18:03:01,18:03:16,0 days 00:00:15,116.0
81,2022-10-19,213,18:06:28,18:06:43,0 days 00:00:15,116.0
82,2022-10-19,101,20:02:34,20:03:04,0 days 00:00:30,116.0
82,2022-10-19,102,20:05:49,20:05:59,0 days 00:00:10,116.0
82,2022-10-19,103,20:11:31,20:11:31,0 days 00:00:00,116.0
82,2022-10-19,104,20:14:58,20:15:08,0 days 00:00:10,116.0
82,2022-10-19,105,20:16:50,20:17:05,0 days 00:00:15,116.0
82,2022-10-19,106,20:19:32,20:19:47,0 days 00:00:15,116.0
82,2022-10-19,107,20:20:32,20:20:32,0 days 00:00:00,116.0
82,2022-10-19,109,20:21:53,20:21:59,0 days 00:00:06,116.0
82,2022-10-19,110,20:24:06,20:24:21,0 days 00:00:15,116.0
82,2022-10-19,111,20:26:30,20:26:45,0 days 00:00:15,116.0
82,2022-10-19,112,20:28:30,20:28:38,0 days 00:00:08,116.0
82,2022-10-19,113,20:30:29,20:30:44,0 days 00:00:15,116.0
82,2022-10-19,114,20:31:51,20:32:06,0 days 00:00:15,116.0
83,2022-10-21,201,08:16:29,08:16:59,0 days 00:00:30,116.0
83,2022-10-21,202,08:19:04,08:19:33,0 days 00:00:29,116.0
83,2022-10-21,203,08:21:38,08:21:53,0 days 00:00:15,116.0
83,2022-10-21,204,08:25:28,08:25:43,0 days 00:00:15,116.0
83,2022-10-21,205,08:29:40,08:29:54,0 days 00:00:14,116.0
83,2022-10-21,206,08:32:15,08:33:30,0 days 00:01:15,116.0
83,2022-10-21,207,08:34:15,08:34:30,0 days 00:00:15,116.0
83,2022-10-21,208,08:36:14,08:36:29,0 days 00:00:15,116.0
83,2022-10-21,209,08:39:25,08:39:40,0 days 00:00:15,116.0
83,2022-10-21,210,08:46:18,08:46:33,0 days 00:00:15,116.0
83,2022-10-21,211,08:47:18,08:47:31,0 days 00:00:13,116.0
83,2022-10-21,212,08:50:23,08:50:38,0 days 00:00:15,116.0
83,2022-10-21,213,08:53:34,08:53:49,0 days 00:00:15,116.0
84,2022-10-21,101,09:53:27,09:53:57,0 days 00:00:30,116.0
84,2022-10-21,102,09:56:57,09:57:10,0 days 00:00:13,116.0
84,2022-10-21,103,10:03:39,10:03:52,0 days 00:00:13,116.0
84,2022-10-21,104,10:06:36,10:06:51,0 days 00:00:15,116.0
84,2022-10-21,105,10:08:36,10:10:51,0 days 00:02:15,116.0
84,2022-10-21,106,10:13:50,10:14:05,0 days 00:00:15,116.0
84,2022-10-21,107,10:14:35,10:14:50,0 days 00:00:15,116.0
84,2022-10-21,109,10:17:03,10:17:33,0 days 00:00:30,116.0
84,2022-10-21,110,10:20:42,10:20:57,0 days 00:00:15,116.0
84,2022-10-21,111,10:24:28,10:24:28,0 days 00:00:00,116.0
84,2022-10-21,112,10:27:46,10:28:01,0 days 00:00:15,116.0
84,2022-10-21,113,10:30:55,10:31:10,0 days 00:00:15,116.0
84,2022-10-21,114,10:33:23,10:33:38,0 days 00:00:15,116.0
85,2022-10-21,201,11:27:07,11:27:22,0 days 00:00:15,116.0
85,2022-10-21,202,11:29:39,11:29:46,0 days 00:00:07,116.0
85,2022-10-21,203,11:31:46,11:32:01,0 days 00:00:15,116.0
85,2022-10-21,204,11:34:15,11:34:30,0 days 00:00:15,116.0
85,2022-10-21,205,11:38:49,11:39:04,0 days 00:00:15,116.0
85,2022-10-21,206,11:41:34,11:42:04,0 days 00:00:30,116.0
85,2022-10-21,207,11:43:13,11:43:28,0 days 00:00:15,116.0
85,2022-10-21,208,11:46:33,11:46:48,0 days 00:00:15,116.0
85,2022-10-21,209,11:50:41,11:51:11,0 days 00:00:30,116.0
85,2022-10-21,210,11:57:53,11:58:08,0 days 00:00:15,116.0
85,2022-10-21,211,11:59:08,11:59:23,0 days 00:00:15,116.0
85,2022-10-21,212,12:03:19,12:03:45,0 days 00:00:26,116.0
85,2022-10-21,213,12:07:21,12:07:36,0 days 00:00:15,116.0
86,2022-10-21,101,13:21:43,13:22:28,0 days 00:00:45,116.0
86,2022-10-21,102,13:26:28,13:26:43,0 days 00:00:15,116.0
86,2022-10-21,103,13:32:21,13:32:36,0 days 00:00:15,116.0
86,2022-10-21,104,13:36:22,13:36:22,0 days 00:00:00,116.0
86,2022-10-21,105,13:38:43,13:41:13,0 days 00:02:30,116.0
86,2022-10-21,106,13:43:58,13:44:13,0 days 00:00:15,116.0
86,2022-10-21,107,13:45:13,13:45:28,0 days 00:00:15,116.0
86,2022-10-21,109,13:47:40,13:48:55,0 days 00:01:15,116.0
86,2022-10-21,110,13:52:10,13:52:25,0 days 00:00:15,116.0
86,2022-10-21,111,13:55:09,13:55:24,0 days 00:00:15,116.0
86,2022-10-21,112,13:58:06,13:58:12,0 days 00:00:06,116.0
86,2022-10-21,113,14:00:05,14:00:12,0 days 00:00:07,116.0
86,2022-10-21,114,14:02:01,14:02:16,0 days 00:00:15,116.0
87,2022-10-21,201,16:05:06,16:05:35,0 days 00:00:29,116.0
87,2022-10-21,202,16:07:45,16:08:00,0 days 00:00:15,116.0
87,2022-10-21,203,16:10:39,16:10:54,0 days 00:00:15,116.0
87,2022-10-21,204,16:14:40,16:14:40,0 days 00:00:00,116.0
87,2022-10-21,205,16:19:40,16:20:40,0 days 00:01:00,116.0
87,2022-10-21,206,16:22:49,16:23:19,0 days 00:00:30,116.0
87,2022-10-21,207,16:24:04,16:24:19,0 days 00:00:15,116.0
87,2022-10-21,208,16:27:19,16:27:34,0 days 00:00:15,116.0
87,2022-10-21,209,16:30:49,16:31:19,0 days 00:00:30,116.0
87,2022-10-21,210,16:38:12,16:38:24,0 days 00:00:12,116.0
87,2022-10-21,211,16:38:54,16:39:01,0 days 00:00:07,116.0
87,2022-10-21,212,16:43:10,16:43:40,0 days 00:00:30,116.0
87,2022-10-21,213,16:46:21,16:46:36,0 days 00:00:15,116.0
88,2022-10-21,101,17:21:57,17:22:12,0 days 00:00:15,116.0
88,2022-10-21,102,17:25:12,17:25:27,0 days 00:00:15,116.0
88,2022-10-21,103,17:32:42,17:32:54,0 days 00:00:12,116.0
88,2022-10-21,104,17:35:54,17:36:09,0 days 00:00:15,116.0
88,2022-10-21,105,17:38:53,17:39:23,0 days 00:00:30,116.0
88,2022-10-21,106,17:42:53,17:43:53,0 days 00:01:00,116.0
88,2022-10-21,107,17:44:38,17:44:53,0 days 00:00:15,116.0
88,2022-10-21,109,17:47:07,17:47:37,0 days 00:00:30,116.0
88,2022-10-21,110,17:50:14,17:50:29,0 days 00:00:15,116.0
88,2022-10-21,111,17:52:38,17:52:53,0 days 00:00:15,116.0
88,2022-10-21,112,17:55:22,17:55:22,0 days 00:00:00,116.0
88,2022-10-21,113,17:57:48,17:58:18,0 days 00:00:30,116.0
88,2022-10-21,114,18:00:07,18:00:22,0 days 00:00:15,116.0
89,2022-10-22,201,08:17:42,08:17:57,0 days 00:00:15,116.0
89,2022-10-22,202,08:21:03,08:21:18,0 days 00:00:15,116.0
89,2022-10-22,203,08:24:15,08:24:30,0 days 00:00:15,116.0
89,2022-10-22,204,08:27:29,08:27:44,0 days 00:00:15,116.0
89,2022-10-22,205,08:30:55,08:31:04,0 days 00:00:09,116.0
89,2022-10-22,206,08:33:08,08:33:23,0 days 00:00:15,116.0
89,2022-10-22,207,08:33:53,08:34:06,0 days 00:00:13,116.0
89,2022-10-22,208,08:36:21,08:36:36,0 days 00:00:15,116.0
89,2022-10-22,209,08:39:51,08:40:06,0 days 00:00:15,116.0
89,2022-10-22,210,08:46:15,08:46:30,0 days 00:00:15,116.0
89,2022-10-22,211,08:47:15,08:47:31,0 days 00:00:16,116.0
89,2022-10-22,212,08:50:39,08:51:09,0 days 00:00:30,116.0
89,2022-10-22,213,08:53:19,08:53:34,0 days 00:00:15,116.0
90,2022-10-22,101,09:44:10,09:44:25,0 days 00:00:15,116.0
90,2022-10-22,102,09:47:40,09:47:55,0 days 00:00:15,116.0
90,2022-10-22,103,09:54:10,09:54:25,0 days 00:00:15,116.0
90,2022-10-22,104,09:58:37,09:58:37,0 days 00:00:00,116.0
90,2022-10-22,105,10:00:33,10:02:03,0 days 00:01:30,116.0
90,2022-10-22,106,10:06:33,10:06:52,0 days 00:00:19,116.0
90,2022-10-22,107,10:08:37,10:08:52,0 days 00:00:15,116.0
90,2022-10-22,109,10:11:52,10:12:28,0 days 00:00:36,116.0
90,2022-10-22,110,10:16:13,10:16:43,0 days 00:00:30,116.0
90,2022-10-22,111,10:20:28,10:20:43,0 days 00:00:15,116.0
90,2022-10-22,112,10:22:57,10:23:02,0 days 00:00:05,116.0
90,2022-10-22,113,10:25:10,10:25:25,0 days 00:00:15,116.0
90,2022-10-22,114,10:26:54,10:26:59,0 days 00:00:05,116.0
91,2022-10-22,201,12:23:45,12:24:00,0 days 00:00:15,116.0
91,2022-10-22,202,12:27:30,12:29:15,0 days 00:01:45,116.0
91,2022-10-22,203,12:32:46,12:33:01,0 days 00:00:15,116.0
91,2022-10-22,204,12:35:34,12:35:49,0 days 00:00:15,116.0
91,2022-10-22,205,12:38:49,12:39:49,0 days 00:01:00,116.0
91,2022-10-22,206,12:42:27,12:42:42,0 days 00:00:15,116.0
91,2022-10-22,207,12:43:12,12:43:27,0 days 00:00:15,116.0
91,2022-10-22,208,12:44:42,12:44:49,0 days 00:00:07,116.0
91,2022-10-22,209,12:48:45,12:49:00,0 days 00:00:15,116.0
91,2022-10-22,210,12:56:30,12:56:45,0 days 00:00:15,116.0
91,2022-10-22,211,12:58:00,12:58:15,0 days 00:00:15,116.0
91,2022-10-22,212,13:01:27,13:01:42,0 days 00:00:15,116.0
91,2022-10-22,213,13:04:38,13:04:53,0 days 00:00:15,116.0
92,2022-10-22,101,14:03:17,14:04:02,0 days 00:00:45,116.0
92,2022-10-22,102,14:08:13,14:08:43,0 days 00:00:30,116.0
92,2022-10-22,103,14:14:12,14:14:27,0 days 00:00:15,116.0
92,2022-10-22,104,14:17:47,14:17:47,0 days 00:00:00,116.0
92,2022-10-22,105,14:20:25,14:22:10,0 days 00:01:45,116.0
92,2022-10-22,106,14:27:31,14:27:46,0 days 00:00:15,116.0
92,2022-10-22,107,14:28:16,14:28:31,0 days 00:00:15,116.0
92,2022-10-22,109,14:29:54,14:30:00,0 days 00:00:06,116.0
92,2022-10-22,110,14:33:16,14:33:31,0 days 00:00:15,116.0
92,2022-10-22,111,14:35:42,14:35:42,0 days 00:00:00,116.0
92,2022-10-22,112,14:38:12,14:38:21,0 days 00:00:09,116.0
92,2022-10-22,113,14:40:48,14:40:54,0 days 00:00:06,116.0
92,2022-10-22,114,14:43:35,14:43:50,0 days 00:00:15,116.0
93,2022-10-22,201,16:48:12,16:48:27,0 days 00:00:15,116.0
93,2022-10-22,202,16:50:27,16:50:57,0 days 00:00:30,116.0
93,2022-10-22,203,16:54:12,16:54:12,0 days 00:00:00,116.0
93,2022-10-22,204,16:56:42,16:56:57,0 days 00:00:15,116.0
93,2022-10-22,205,17:02:57,17:03:12,0 days 00:00:15,116.0
93,2022-10-22,206,17:06:27,17:07:27,0 days 00:01:00,116.0
93,2022-10-22,207,17:08:57,17:09:12,0 days 00:00:15,116.0
93,2022-10-22,208,17:11:18,17:11:33,0 days 00:00:15,116.0
93,2022-10-22,209,17:15:38,17:15:53,0 days 00:00:15,116.0
93,2022-10-22,210,17:21:25,17:21:40,0 days 00:00:15,116.0
93,2022-10-22,211,17:22:25,17:22:40,0 days 00:00:15,116.0
93,2022-10-22,212,17:24:57,17:25:12,0 days 00:00:15,116.0
93,2022-10-22,213,17:28:16,17:28:31,0 days 00:00:15,116.0
94,2022-10-22,101,18:33:58,18:34:13,0 days 00:00:15,116.0
94,2022-10-22,102,18:36:58,18:37:13,0 days 00:00:15,116.0
94,2022-10-22,103,18:43:48,18:44:18,0 days 00:00:30,116.0
94,2022-10-22,104,18:48:22,18:48:37,0 days 00:00:15,116.0
94,2022-10-22,105,18:50:48,18:51:01,0 days 00:00:13,116.0
94,2022-10-22,106,18:53:58,18:54:13,0 days 00:00:15,116.0
94,2022-10-22,107,18:54:58,18:55:13,0 days 00:00:15,116.0
94,2022-10-22,108,18:56:13,18:56:43,0 days 00:00:30,116.0
94,2022-10-22,109,18:57:28,18:57:43,0 days 00:00:15,116.0
94,2022-10-22,110,19:00:13,19:00:28,0 days 00:00:15,116.0
94,2022-10-22,111,19:02:52,19:03:07,0 days 00:00:15,116.0
94,2022-10-22,112,19:05:41,19:05:48,0 days 00:00:07,116.0
94,2022-10-22,113,19:07:55,19:08:10,0 days 00:00:15,116.0
94,2022-10-22,114,19:09:40,19:09:47,0 days 00:00:07,116.0
95,2022-10-23,201,08:15:34,08:15:49,0 days 00:00:15,116.0
95,2022-10-23,202,08:17:51,08:18:15,0 days 00:00:24,116.0
95,2022-10-23,203,08:20:24,08:20:33,0 days 00:00:09,116.0
95,2022-10-23,204,08:22:46,08:23:01,0 days 00:00:15,116.0
95,2022-10-23,205,08:25:36,08:25:43,0 days 00:00:07,116.0
95,2022-10-23,206,08:27:26,08:30:26,0 days 00:03:00,116.0
95,2022-10-23,207,08:31:08,08:31:23,0 days 00:00:15,116.0
95,2022-10-23,208,08:33:22,08:33:37,0 days 00:00:15,116.0
95,2022-10-23,209,08:36:49,08:37:03,0 days 00:00:14,116.0
95,2022-10-23,210,08:42:35,08:42:50,0 days 00:00:15,116.0
95,2022-10-23,211,08:43:35,08:43:50,0 days 00:00:15,116.0
95,2022-10-23,212,08:46:30,08:46:45,0 days 00:00:15,116.0
95,2022-10-23,213,08:50:15,08:50:30,0 days 00:00:15,116.0
96,2022-10-23,101,09:33:05,09:33:35,0 days 00:00:30,116.0
96,2022-10-23,102,09:36:58,09:37:13,0 days 00:00:15,116.0
96,2022-10-23,103,09:43:24,09:43:39,0 days 00:00:15,116.0
96,2022-10-23,104,09:46:39,09:46:39,0 days 00:00:00,116.0
96,2022-10-23,105,09:48:49,09:49:04,0 days 00:00:15,116.0
96,2022-10-23,106,09:52:19,09:52:34,0 days 00:00:15,116.0
96,2022-10-23,107,09:53:34,09:53:49,0 days 00:00:15,116.0
96,2022-10-23,108,09:55:19,09:55:34,0 days 00:00:15,116.0
96,2022-10-23,109,09:56:19,09:56:34,0 days 00:00:15,116.0
96,2022-10-23,110,10:00:04,10:00:19,0 days 00:00:15,116.0
96,2022-10-23,111,10:03:34,10:03:49,0 days 00:00:15,116.0
96,2022-10-23,112,10:06:49,10:07:04,0 days 00:00:15,116.0
96,2022-10-23,113,10:09:17,10:09:17,0 days 00:00:00,116.0
96,2022-10-23,114,10:11:11,10:11:41,0 days 00:00:30,116.0
97,2022-10-23,201,12:37:11,12:37:41,0 days 00:00:30,116.0
97,2022-10-23,202,12:39:26,12:39:32,0 days 00:00:06,116.0
97,2022-10-23,203,12:42:50,12:43:05,0 days 00:00:15,116.0
97,2022-10-23,204,12:45:50,12:46:05,0 days 00:00:15,116.0
97,2022-10-23,205,12:49:37,12:50:07,0 days 00:00:30,116.0
97,2022-10-23,206,12:52:52,12:53:59,0 days 00:01:07,116.0
97,2022-10-23,207,12:54:44,12:54:59,0 days 00:00:15,116.0
97,2022-10-23,208,12:57:14,12:57:29,0 days 00:00:15,116.0
97,2022-10-23,209,13:01:14,13:01:59,0 days 00:00:45,116.0
97,2022-10-23,210,13:08:06,13:08:06,0 days 00:00:00,116.0
97,2022-10-23,211,13:08:51,13:09:06,0 days 00:00:15,116.0
97,2022-10-23,212,13:12:49,13:13:02,0 days 00:00:13,116.0
97,2022-10-23,213,13:16:02,13:16:17,0 days 00:00:15,116.0
98,2022-10-23,101,13:52:30,13:53:00,0 days 00:00:30,116.0
98,2022-10-23,102,13:56:30,13:56:45,0 days 00:00:15,116.0
98,2022-10-23,103,14:04:42,14:04:56,0 days 00:00:14,116.0
98,2022-10-23,104,14:07:21,14:07:36,0 days 00:00:15,116.0
98,2022-10-23,105,14:09:16,14:10:14,0 days 00:00:58,116.0
98,2022-10-23,106,14:16:23,14:16:53,0 days 00:00:30,116.0
98,2022-10-23,107,14:17:53,14:18:08,0 days 00:00:15,116.0
98,2022-10-23,109,14:21:32,14:22:02,0 days 00:00:30,116.0
98,2022-10-23,110,14:25:17,14:25:32,0 days 00:00:15,116.0
98,2022-10-23,111,14:28:20,14:28:35,0 days 00:00:15,116.0
98,2022-10-23,112,14:31:43,14:31:58,0 days 00:00:15,116.0
98,2022-10-23,113,14:35:18,14:35:33,0 days 00:00:15,116.0
98,2022-10-23,114,14:37:48,14:38:03,0 days 00:00:15,116.0
99,2022-10-24,201,07:46:17,07:47:47,0 days 00:01:30,116.0
99,2022-10-24,202,07:49:37,07:50:02,0 days 00:00:25,116.0
99,2022-10-24,203,07:52:04,07:52:04,0 days 00:00:00,116.0
99,2022-10-24,204,07:54:14,07:54:29,0 days 00:00:15,116.0
99,2022-10-24,205,07:58:08,07:58:23,0 days 00:00:15,116.0
99,2022-10-24,206,08:00:22,08:00:29,0 days 00:00:07,116.0
99,2022-10-24,207,08:01:29,08:01:44,0 days 00:00:15,116.0
99,2022-10-24,208,08:03:37,08:03:43,0 days 00:00:06,116.0
99,2022-10-24,209,08:06:27,08:06:42,0 days 00:00:15,116.0
99,2022-10-24,210,08:13:20,08:13:35,0 days 00:00:15,116.0
99,2022-10-24,211,08:14:20,08:14:20,0 days 00:00:00,116.0
99,2022-10-24,212,08:17:29,08:17:43,0 days 00:00:14,116.0
99,2022-10-24,213,08:20:12,08:20:12,0 days 00:00:00,116.0
100,2022-10-24,101,09:02:59,09:03:59,0 days 00:01:00,116.0
100,2022-10-24,102,09:07:14,09:07:29,0 days 00:00:15,116.0
100,2022-10-24,103,09:14:11,09:14:25,0 days 00:00:14,116.0
100,2022-10-24,104,09:17:21,09:17:36,0 days 00:00:15,116.0
100,2022-10-24,105,09:19:29,09:21:59,0 days 00:02:30,116.0
100,2022-10-24,106,09:25:36,09:25:50,0 days 00:00:14,116.0
100,2022-10-24,107,09:26:19,09:26:34,0 days 00:00:15,116.0
100,2022-10-24,108,09:27:41,09:27:56,0 days 00:00:15,116.0
100,2022-10-24,109,09:28:41,09:31:26,0 days 00:02:45,116.0
100,2022-10-24,110,09:35:23,09:35:38,0 days 00:00:15,116.0
100,2022-10-24,111,09:39:53,09:40:08,0 days 00:00:15,116.0
100,2022-10-24,112,09:43:38,09:43:53,0 days 00:00:15,116.0
100,2022-10-24,113,09:46:04,09:46:19,0 days 00:00:15,116.0
100,2022-10-24,114,09:48:13,09:48:43,0 days 00:00:30,116.0
101,2022-10-24,201,10:57:59,10:58:14,0 days 00:00:15,116.0
101,2022-10-24,202,10:59:59,11:00:08,0 days 00:00:09,116.0
101,2022-10-24,203,11:02:42,11:02:57,0 days 00:00:15,116.0
101,2022-10-24,204,11:05:07,11:05:15,0 days 00:00:08,116.0
101,2022-10-24,205,11:10:00,11:10:30,0 days 00:00:30,116.0
101,2022-10-24,206,11:13:15,11:13:45,0 days 00:00:30,116.0
101,2022-10-24,207,11:15:14,11:15:29,0 days 00:00:15,116.0
101,2022-10-24,208,11:17:25,11:17:35,0 days 00:00:10,116.0
101,2022-10-24,209,11:20:58,11:21:13,0 days 00:00:15,116.0
101,2022-10-24,210,11:27:50,11:28:05,0 days 00:00:15,116.0
101,2022-10-24,211,11:28:50,11:29:05,0 days 00:00:15,116.0
101,2022-10-24,212,11:32:43,11:32:58,0 days 00:00:15,116.0
101,2022-10-24,213,11:35:53,11:35:53,0 days 00:00:00,116.0
102,2022-10-24,101,12:43:48,12:44:18,0 days 00:00:30,116.0
102,2022-10-24,102,12:47:48,12:48:17,0 days 00:00:29,116.0
102,2022-10-24,103,12:55:32,12:55:47,0 days 00:00:15,116.0
102,2022-10-24,104,12:59:04,12:59:19,0 days 00:00:15,116.0
102,2022-10-24,105,13:01:33,13:03:04,0 days 00:01:31,116.0
102,2022-10-24,106,13:06:11,13:06:26,0 days 00:00:15,116.0
102,2022-10-24,107,13:06:56,13:06:56,0 days 00:00:00,116.0
102,2022-10-24,109,13:08:12,13:08:12,0 days 00:00:00,116.0
102,2022-10-24,110,13:10:46,13:11:01,0 days 00:00:15,116.0
102,2022-10-24,111,13:15:26,13:15:41,0 days 00:00:15,116.0
102,2022-10-24,112,13:18:17,13:18:32,0 days 00:00:15,116.0
102,2022-10-24,113,13:20:43,13:20:53,0 days 00:00:10,116.0
102,2022-10-24,114,13:22:38,13:22:53,0 days 00:00:15,116.0
103,2022-10-24,201,14:13:51,14:14:06,0 days 00:00:15,116.0
103,2022-10-24,202,14:16:44,14:16:53,0 days 00:00:09,116.0
103,2022-10-24,203,14:22:48,14:23:03,0 days 00:00:15,116.0
103,2022-10-24,204,14:26:37,14:26:52,0 days 00:00:15,116.0
103,2022-10-24,205,14:30:32,14:31:02,0 days 00:00:30,116.0
103,2022-10-24,206,14:33:03,14:33:29,0 days 00:00:26,116.0
103,2022-10-24,207,14:33:59,14:34:05,0 days 00:00:06,116.0
103,2022-10-24,208,14:36:02,14:36:15,0 days 00:00:13,116.0
103,2022-10-24,209,14:39:15,14:39:45,0 days 00:00:30,116.0
103,2022-10-24,210,14:46:52,14:47:07,0 days 00:00:15,116.0
103,2022-10-24,211,14:48:07,14:48:22,0 days 00:00:15,116.0
103,2022-10-24,212,14:51:47,14:52:02,0 days 00:00:15,116.0
103,2022-10-24,213,14:57:31,14:57:31,0 days 00:00:00,116.0
104,2022-10-24,101,16:05:13,16:05:28,0 days 00:00:15,116.0
104,2022-10-24,102,16:10:28,16:10:43,0 days 00:00:15,116.0
104,2022-10-24,103,16:18:49,16:19:04,0 days 00:00:15,116.0
104,2022-10-24,104,16:22:42,16:22:57,0 days 00:00:15,116.0
104,2022-10-24,105,16:24:41,16:24:50,0 days 00:00:09,116.0
104,2022-10-24,106,16:27:40,16:28:10,0 days 00:00:30,116.0
104,2022-10-24,107,16:28:46,16:28:58,0 days 00:00:12,116.0
104,2022-10-24,109,16:30:32,16:31:47,0 days 00:01:15,116.0
104,2022-10-24,110,16:34:16,16:35:01,0 days 00:00:45,116.0
104,2022-10-24,111,16:37:01,16:37:16,0 days 00:00:15,116.0
104,2022-10-24,112,16:39:08,16:39:23,0 days 00:00:15,116.0
104,2022-10-24,113,16:41:22,16:41:52,0 days 00:00:30,116.0
104,2022-10-24,114,16:43:44,16:43:59,0 days 00:00:15,116.0
105,2022-10-26,201,08:35:21,08:35:36,0 days 00:00:15,116.0
105,2022-10-26,202,08:37:18,08:37:47,0 days 00:00:29,116.0
105,2022-10-26,203,08:40:15,08:40:30,0 days 00:00:15,116.0
105,2022-10-26,204,08:44:55,08:45:25,0 days 00:00:30,116.0
105,2022-10-26,205,08:49:09,08:49:21,0 days 00:00:12,116.0
105,2022-10-26,206,08:51:14,08:51:44,0 days 00:00:30,116.0
105,2022-10-26,207,08:52:29,08:52:44,0 days 00:00:15,116.0
105,2022-10-26,208,08:54:20,08:54:35,0 days 00:00:15,116.0
105,2022-10-26,209,08:57:27,08:57:42,0 days 00:00:15,116.0
105,2022-10-26,210,09:03:48,09:04:03,0 days 00:00:15,116.0
105,2022-10-26,211,09:05:18,09:05:33,0 days 00:00:15,116.0
105,2022-10-26,212,09:08:57,09:09:09,0 days 00:00:12,116.0
105,2022-10-26,213,09:11:38,09:11:53,0 days 00:00:15,116.0
106,2022-10-26,101,10:02:46,10:04:01,0 days 00:01:15,116.0
106,2022-10-26,102,10:07:15,10:07:26,0 days 00:00:11,116.0
106,2022-10-26,103,10:13:52,10:14:07,0 days 00:00:15,116.0
106,2022-10-26,104,10:17:16,10:17:16,0 days 00:00:00,116.0
106,2022-10-26,105,10:19:40,10:20:50,0 days 00:01:10,116.0
106,2022-10-26,106,10:23:35,10:23:50,0 days 00:00:15,116.0
106,2022-10-26,107,10:24:20,10:24:35,0 days 00:00:15,116.0
106,2022-10-26,109,10:26:07,10:29:22,0 days 00:03:15,116.0
106,2022-10-26,110,10:32:16,10:33:01,0 days 00:00:45,116.0
106,2022-10-26,111,10:36:00,10:36:15,0 days 00:00:15,116.0
106,2022-10-26,112,10:40:30,10:40:45,0 days 00:00:15,116.0
106,2022-10-26,113,10:43:39,10:43:54,0 days 00:00:15,116.0
106,2022-10-26,114,10:45:45,10:46:15,0 days 00:00:30,116.0
107,2022-10-26,201,12:56:32,12:56:47,0 days 00:00:15,116.0
107,2022-10-26,202,12:58:34,12:59:34,0 days 00:01:00,116.0
107,2022-10-26,203,13:02:32,13:02:47,0 days 00:00:15,116.0
107,2022-10-26,204,13:06:30,13:06:45,0 days 00:00:15,116.0
107,2022-10-26,205,13:10:17,13:10:47,0 days 00:00:30,116.0
107,2022-10-26,206,13:13:21,13:13:51,0 days 00:00:30,116.0
107,2022-10-26,207,13:14:51,13:15:06,0 days 00:00:15,116.0
107,2022-10-26,208,13:17:24,13:17:36,0 days 00:00:12,116.0
107,2022-10-26,209,13:21:21,13:22:06,0 days 00:00:45,116.0
107,2022-10-26,210,13:29:13,13:29:28,0 days 00:00:15,116.0
107,2022-10-26,211,13:30:28,13:30:58,0 days 00:00:30,116.0
107,2022-10-26,212,13:34:50,13:35:05,0 days 00:00:15,116.0
107,2022-10-26,213,13:40:20,13:41:07,0 days 00:00:47,116.0
108,2022-10-26,101,14:33:26,14:34:11,0 days 00:00:45,116.0
108,2022-10-26,102,14:37:56,14:38:08,0 days 00:00:12,116.0
108,2022-10-26,103,14:44:12,14:44:19,0 days 00:00:07,116.0
108,2022-10-26,104,14:47:32,14:47:46,0 days 00:00:14,116.0
108,2022-10-26,105,14:50:14,14:50:29,0 days 00:00:15,116.0
108,2022-10-26,106,14:53:38,14:53:53,0 days 00:00:15,116.0
108,2022-10-26,107,14:54:38,14:54:53,0 days 00:00:15,116.0
108,2022-10-26,109,14:56:38,14:56:46,0 days 00:00:08,116.0
108,2022-10-26,110,15:00:02,15:00:17,0 days 00:00:15,116.0
108,2022-10-26,111,15:04:23,15:04:37,0 days 00:00:14,116.0
108,2022-10-26,112,15:08:21,15:08:36,0 days 00:00:15,116.0
108,2022-10-26,113,15:11:33,15:11:48,0 days 00:00:15,116.0
108,2022-10-26,114,15:14:03,15:14:11,0 days 00:00:08,116.0
109,2022-10-27,201,08:35:00,08:35:14,0 days 00:00:14,116.0
109,2022-10-27,202,08:36:29,08:36:33,0 days 00:00:04,116.0
109,2022-10-27,203,08:39:28,08:39:43,0 days 00:00:15,116.0
109,2022-10-27,204,08:42:22,08:42:37,0 days 00:00:15,116.0
109,2022-10-27,205,08:45:45,08:45:55,0 days 00:00:10,116.0
109,2022-10-27,206,08:47:40,08:50:10,0 days 00:02:30,116.0
109,2022-10-27,207,08:51:25,08:51:40,0 days 00:00:15,116.0
109,2022-10-27,208,08:53:25,08:53:40,0 days 00:00:15,116.0
109,2022-10-27,209,08:58:19,08:58:34,0 days 00:00:15,116.0
109,2022-10-27,210,09:05:01,09:05:16,0 days 00:00:15,116.0
109,2022-10-27,211,09:06:01,09:06:01,0 days 00:00:00,116.0
109,2022-10-27,212,09:09:08,09:09:23,0 days 00:00:15,116.0
109,2022-10-27,213,09:11:38,09:11:53,0 days 00:00:15,116.0
110,2022-10-27,101,10:03:32,10:04:02,0 days 00:00:30,116.0
110,2022-10-27,102,10:06:47,10:06:59,0 days 00:00:12,116.0
110,2022-10-27,103,10:12:57,10:13:12,0 days 00:00:15,116.0
110,2022-10-27,104,10:16:27,10:16:42,0 days 00:00:15,116.0
110,2022-10-27,105,10:18:38,10:21:08,0 days 00:02:30,116.0
110,2022-10-27,106,10:25:08,10:25:23,0 days 00:00:15,116.0
110,2022-10-27,107,10:26:38,10:26:53,0 days 00:00:15,116.0
110,2022-10-27,108,10:28:08,10:28:23,0 days 00:00:15,116.0
110,2022-10-27,109,10:28:52,10:29:07,0 days 00:00:15,116.0
110,2022-10-27,110,10:31:44,10:31:59,0 days 00:00:15,116.0
110,2022-10-27,111,10:34:14,10:34:20,0 days 00:00:06,116.0
110,2022-10-27,112,10:38:35,10:38:50,0 days 00:00:15,116.0
110,2022-10-27,113,10:41:20,10:41:35,0 days 00:00:15,116.0
110,2022-10-27,114,10:43:43,10:43:58,0 days 00:00:15,116.0
111,2022-10-27,201,12:57:12,12:57:27,0 days 00:00:15,116.0
111,2022-10-27,202,12:59:23,13:00:08,0 days 00:00:45,116.0
111,2022-10-27,203,13:02:46,13:03:16,0 days 00:00:30,116.0
111,2022-10-27,204,13:05:31,13:05:42,0 days 00:00:11,116.0
111,2022-10-27,205,13:08:04,13:08:19,0 days 00:00:15,116.0
111,2022-10-27,206,13:09:31,13:09:36,0 days 00:00:05,116.0
111,2022-10-27,207,13:10:21,13:10:36,0 days 00:00:15,116.0
111,2022-10-27,208,13:12:14,13:12:29,0 days 00:00:15,116.0
111,2022-10-27,209,13:15:35,13:17:50,0 days 00:02:15,116.0
111,2022-10-27,210,13:24:13,13:24:28,0 days 00:00:15,116.0
111,2022-10-27,211,13:25:13,13:25:43,0 days 00:00:30,116.0
111,2022-10-27,212,13:30:22,13:31:37,0 days 00:01:15,116.0
111,2022-10-27,213,13:34:17,13:34:32,0 days 00:00:15,116.0
112,2022-10-27,101,14:22:36,14:23:06,0 days 00:00:30,116.0
112,2022-10-27,102,14:27:17,14:27:32,0 days 00:00:15,116.0
112,2022-10-27,103,14:33:36,14:33:36,0 days 00:00:00,116.0
112,2022-10-27,104,14:36:59,14:37:09,0 days 00:00:10,116.0
112,2022-10-27,105,14:39:04,14:39:19,0 days 00:00:15,116.0
112,2022-10-27,106,14:42:26,14:42:41,0 days 00:00:15,116.0
112,2022-10-27,107,14:43:26,14:43:41,0 days 00:00:15,116.0
112,2022-10-27,108,14:44:57,14:45:12,0 days 00:00:15,116.0
112,2022-10-27,109,14:45:42,14:45:57,0 days 00:00:15,116.0
112,2022-10-27,110,14:48:35,14:48:47,0 days 00:00:12,116.0
112,2022-10-27,111,14:52:03,14:52:18,0 days 00:00:15,116.0
112,2022-10-27,112,14:55:12,14:55:27,0 days 00:00:15,116.0
112,2022-10-27,113,14:57:55,14:58:10,0 days 00:00:15,116.0
112,2022-10-27,114,14:59:50,14:59:56,0 days 00:00:06,116.0
113,2022-10-27,201,17:15:28,17:15:43,0 days 00:00:15,116.0
113,2022-10-27,202,17:17:25,17:18:22,0 days 00:00:57,116.0
113,2022-10-27,203,17:22:24,17:23:07,0 days 00:00:43,116.0
113,2022-10-27,204,17:25:31,17:25:46,0 days 00:00:15,116.0
113,2022-10-27,205,17:29:12,17:29:42,0 days 00:00:30,116.0
113,2022-10-27,206,17:31:57,17:33:27,0 days 00:01:30,116.0
113,2022-10-27,207,17:34:12,17:34:27,0 days 00:00:15,116.0
113,2022-10-27,208,17:36:03,17:36:18,0 days 00:00:15,116.0
113,2022-10-27,209,17:39:22,17:39:37,0 days 00:00:15,116.0
113,2022-10-27,210,17:45:49,17:46:04,0 days 00:00:15,116.0
113,2022-10-27,211,17:46:34,17:46:49,0 days 00:00:15,116.0
113,2022-10-27,212,17:49:27,17:49:42,0 days 00:00:15,116.0
113,2022-10-27,213,17:52:42,17:52:57,0 days 00:00:15,116.0
114,2022-10-27,101,19:48:29,19:49:14,0 days 00:00:45,116.0
114,2022-10-27,102,19:52:21,19:52:34,0 days 00:00:13,116.0
114,2022-10-27,103,19:59:03,19:59:18,0 days 00:00:15,116.0
114,2022-10-27,104,20:02:26,20:02:41,0 days 00:00:15,116.0
114,2022-10-27,105,20:05:12,20:05:27,0 days 00:00:15,116.0
114,2022-10-27,106,20:07:50,20:08:05,0 days 00:00:15,116.0
114,2022-10-27,107,20:08:35,20:08:50,0 days 00:00:15,116.0
114,2022-10-27,109,20:10:46,20:11:01,0 days 00:00:15,116.0
114,2022-10-27,110,20:12:38,20:12:38,0 days 00:00:00,116.0
114,2022-10-27,111,20:14:48,20:14:48,0 days 00:00:00,116.0
114,2022-10-27,112,20:16:36,20:16:51,0 days 00:00:15,116.0
114,2022-10-27,113,20:18:36,20:18:45,0 days 00:00:09,116.0
114,2022-10-27,114,20:20:39,20:20:54,0 days 00:00:15,116.0
115,2022-10-28,201,08:47:09,08:47:24,0 days 00:00:15,116.0
115,2022-10-28,202,08:49:41,08:50:56,0 days 00:01:15,116.0
115,2022-10-28,203,08:53:56,08:54:11,0 days 00:00:15,116.0
115,2022-10-28,204,08:57:57,08:58:27,0 days 00:00:30,116.0
115,2022-10-28,205,09:01:53,09:02:08,0 days 00:00:15,116.0
115,2022-10-28,206,09:03:38,09:03:53,0 days 00:00:15,116.0
115,2022-10-28,207,09:04:38,09:04:53,0 days 00:00:15,116.0
115,2022-10-28,208,09:06:36,09:06:51,0 days 00:00:15,116.0
115,2022-10-28,209,09:09:51,09:10:51,0 days 00:01:00,116.0
115,2022-10-28,210,09:17:57,09:18:12,0 days 00:00:15,116.0
115,2022-10-28,211,09:18:57,09:19:04,0 days 00:00:07,116.0
115,2022-10-28,212,09:23:53,09:24:03,0 days 00:00:10,116.0
115,2022-10-28,213,09:26:19,09:26:34,0 days 00:00:15,116.0
116,2022-10-28,101,10:22:36,10:23:06,0 days 00:00:30,116.0
116,2022-10-28,102,10:26:06,10:26:19,0 days 00:00:13,116.0
116,2022-10-28,103,10:32:41,10:32:56,0 days 00:00:15,116.0
116,2022-10-28,104,10:36:07,10:36:22,0 days 00:00:15,116.0
116,2022-10-28,105,10:38:15,10:38:30,0 days 00:00:15,116.0
116,2022-10-28,106,10:41:04,10:41:19,0 days 00:00:15,116.0
116,2022-10-28,107,10:41:42,10:41:57,0 days 00:00:15,116.0
116,2022-10-28,109,10:43:57,10:45:27,0 days 00:01:30,116.0
116,2022-10-28,110,10:47:42,10:47:57,0 days 00:00:15,116.0
116,2022-10-28,111,10:50:07,10:50:22,0 days 00:00:15,116.0
116,2022-10-28,112,10:53:13,10:53:13,0 days 00:00:00,116.0
116,2022-10-28,113,10:55:06,10:55:21,0 days 00:00:15,116.0
116,2022-10-28,114,10:56:36,10:56:51,0 days 00:00:15,116.0
117,2022-10-28,201,13:16:49,13:17:04,0 days 00:00:15,116.0
117,2022-10-28,202,13:19:13,13:19:43,0 days 00:00:30,116.0
117,2022-10-28,203,13:22:40,13:22:55,0 days 00:00:15,116.0
117,2022-10-28,204,13:26:02,13:26:17,0 days 00:00:15,116.0
117,2022-10-28,205,13:29:06,13:29:21,0 days 00:00:15,116.0
117,2022-10-28,206,13:30:51,13:31:06,0 days 00:00:15,116.0
117,2022-10-28,207,13:31:46,13:31:46,0 days 00:00:00,116.0
117,2022-10-28,208,13:33:14,13:33:14,0 days 00:00:00,116.0
117,2022-10-28,209,13:35:49,13:36:04,0 days 00:00:15,116.0
117,2022-10-28,210,13:40:24,13:40:39,0 days 00:00:15,116.0
117,2022-10-28,211,13:41:14,13:43:44,0 days 00:02:30,116.0
117,2022-10-28,212,13:49:59,13:50:09,0 days 00:00:10,116.0
117,2022-10-28,213,13:54:39,13:54:54,0 days 00:00:15,116.0
