trip_id,date,start_time,end_time,start_terminal,end_terminal,travel_time,dwell_time
1,2021-10-01,07:31:27,08:15:31,BT02,BT01,44.06666666666667,5.466666666666666
2,2021-10-01,09:12:10,10:00:55,BT01,BT02,48.75,2.366666666666667
3,2021-10-01,10:42:10,11:32:30,BT02,BT01,50.333333333333336,9.283333333333331
4,2021-10-01,12:23:09,13:15:46,BT01,BT02,52.61666666666667,9.183333333333334
5,2021-10-01,16:59:16,18:17:15,BT02,BT01,77.98333333333333,25.56666666666668
6,2021-10-01,20:22:44,20:55:12,BT01,BT02,32.46666666666667,0.85
7,2021-10-02,08:31:42,09:19:09,BT02,BT01,47.45,7.016666666666664
8,2021-10-02,11:02:33,11:56:47,BT01,BT02,54.23333333333333,6.466666666666666
9,2021-10-02,12:03:30,13:06:40,BT02,BT01,63.16666666666666,9.516666666666666
10,2021-10-02,16:06:27,17:05:29,BT01,BT02,59.03333333333333,8.58333333333333
11,2021-10-02,17:31:56,18:26:47,BT02,BT01,54.85,9.533333333333337
12,2021-10-02,18:29:17,19:05:58,BT01,BT02,36.68333333333333,1.35
13,2021-10-03,09:30:57,10:32:58,BT02,BT01,62.016666666666666,12.349999999999998
14,2021-10-03,12:13:39,13:06:46,BT01,BT02,53.11666666666667,6.3166666666666655
15,2021-10-03,13:45:38,14:36:32,BT02,BT01,50.9,7.5
16,2021-10-03,18:24:59,19:02:19,BT01,BT02,37.333333333333336,3.383333333333333
17,2021-10-04,09:51:33,10:46:47,BT02,BT01,55.23333333333333,8.583333333333332
18,2021-10-04,11:01:17,11:50:47,BT01,BT02,49.5,2.783333333333333
19,2021-10-04,14:41:14,15:42:27,BT02,BT01,61.21666666666667,9.150000000000002
20,2021-10-04,16:12:25,17:10:32,BT01,BT02,58.11666666666667,9.083333333333336
21,2021-10-05,08:30:28,09:20:39,BT02,BT01,50.18333333333333,8.299999999999995
22,2021-10-05,10:01:32,12:00:34,BT01,BT02,119.03333333333332,47.0
23,2021-10-05,13:21:47,14:19:16,BT02,BT01,57.48333333333333,5.65
24,2021-10-05,15:04:41,15:54:42,BT01,BT02,50.016666666666666,3.566666666666667
25,2021-10-07,10:01:11,10:50:06,BT02,BT01,48.91666666666666,7.449999999999998
26,2021-10-07,11:39:21,12:33:32,BT01,BT02,54.18333333333333,5.583333333333332
27,2021-10-07,14:13:51,15:02:35,BT02,BT01,48.73333333333333,9.200000000000005
28,2021-10-07,15:52:38,16:44:48,BT01,BT02,52.16666666666666,5.233333333333332
29,2021-10-08,08:11:39,08:57:27,BT02,BT01,45.8,7.766666666666664
30,2021-10-08,09:52:39,10:46:58,BT01,BT02,54.31666666666667,4.3500000000000005
31,2021-10-08,12:02:03,12:50:30,BT02,BT01,48.45,7.549999999999999
32,2021-10-08,13:41:54,14:36:15,BT01,BT02,54.35,9.85
33,2021-10-08,15:50:37,16:46:56,BT02,BT01,56.31666666666667,8.483333333333334
34,2021-10-08,17:48:02,18:36:44,BT01,BT02,48.7,10.599999999999998
35,2021-10-08,18:55:54,19:38:41,BT02,BT01,42.78333333333333,3.0333333333333337
36,2021-10-08,20:10:51,20:47:08,BT01,BT02,36.28333333333333,3.5666666666666664
37,2021-10-09,07:58:15,08:45:17,BT02,BT01,47.03333333333333,5.833333333333332
38,2021-10-09,09:03:38,09:56:30,BT01,BT02,52.86666666666667,6.033333333333332
39,2021-10-09,11:01:41,12:01:22,BT02,BT01,59.68333333333333,12.033333333333331
40,2021-10-09,12:20:25,13:12:15,BT01,BT02,51.833333333333336,5.200000000000001
41,2021-10-09,14:14:25,15:02:00,BT02,BT01,47.583333333333336,8.483333333333334
42,2021-10-09,16:14:25,17:02:36,BT01,BT02,48.18333333333333,9.166666666666668
43,2021-10-10,10:45:10,11:38:53,BT02,BT01,53.71666666666667,9.000000000000002
44,2021-10-10,14:02:17,14:56:42,BT01,BT02,54.41666666666666,8.28333333333333
45,2021-10-10,15:30:32,16:26:33,BT02,BT01,56.016666666666666,11.783333333333331
46,2021-10-10,18:35:39,19:16:05,BT01,BT02,40.43333333333333,3.333333333333333
47,2021-10-11,16:59:29,18:36:53,BT02,BT01,97.4,35.40000000000001
48,2021-10-11,20:18:22,20:52:40,BT01,BT02,34.3,1.3833333333333333
49,2021-10-12,07:30:52,08:09:37,BT02,BT01,38.75,3.45
50,2021-10-12,09:02:08,09:56:23,BT01,BT02,54.25,4.316666666666666
51,2021-10-12,12:23:20,13:17:28,BT02,BT01,54.13333333333333,6.116666666666667
52,2021-10-12,14:10:22,15:01:57,BT01,BT02,51.583333333333336,1.5666666666666669
53,2021-10-12,15:05:31,18:29:14,BT02,BT01,203.71666666666667,142.35000000000008
54,2021-10-12,20:56:52,21:25:39,BT01,BT02,28.78333333333333,1.1833333333333331
55,2021-10-13,09:00:08,09:51:50,BT02,BT01,51.7,4.616666666666666
56,2021-10-13,10:32:12,11:26:27,BT01,BT02,54.25,5.899999999999997
57,2021-10-13,13:11:34,14:06:27,BT02,BT01,54.88333333333333,7.9
58,2021-10-13,14:32:16,15:31:49,BT01,BT02,59.55,10.95
59,2021-10-13,15:34:21,18:31:31,BT02,BT01,177.16666666666666,112.6166666666666
60,2021-10-13,19:07:34,19:43:02,BT01,BT02,35.46666666666667,2.5
61,2021-10-14,16:47:32,18:41:48,BT02,BT01,114.26666666666668,56.36666666666665
62,2021-10-14,20:55:31,21:21:57,BT01,BT02,26.433333333333334,0.7833333333333333
63,2021-10-15,17:02:37,18:34:02,BT02,BT01,91.41666666666669,34.750000000000014
64,2021-10-15,19:13:46,20:26:34,BT01,BT02,72.8,39.41666666666666
65,2021-10-16,16:02:00,16:53:03,BT01,BT02,51.05,4.883333333333334
66,2021-10-16,16:57:51,18:45:04,BT02,BT01,107.21666666666668,49.233333333333306
67,2021-10-16,20:21:58,20:56:43,BT01,BT02,34.75,1.616666666666667
68,2021-10-17,08:30:33,09:25:39,BT02,BT01,55.1,7.666666666666663
69,2021-10-17,10:33:26,11:20:14,BT01,BT02,46.8,5.266666666666665
70,2021-10-17,11:36:44,12:28:54,BT02,BT01,52.16666666666666,11.933333333333332
71,2021-10-17,15:52:28,16:45:48,BT01,BT02,53.333333333333336,5.966666666666666
72,2021-10-18,05:03:36,08:06:49,BT01,BT02,183.21666666666667,76.88333333333333
73,2021-10-18,08:21:51,09:12:27,BT02,BT01,50.6,4.8500000000000005
74,2021-10-18,09:32:17,10:25:21,BT01,BT02,53.06666666666667,4.416666666666667
75,2021-10-18,11:21:25,12:19:07,BT02,BT01,57.7,10.000000000000002
76,2021-10-18,15:41:50,16:36:35,BT01,BT02,54.75,7.250000000000001
77,2021-10-18,16:39:27,18:38:49,BT02,BT01,119.36666666666666,55.28333333333335
78,2021-10-18,19:17:39,19:57:35,BT01,BT02,39.93333333333333,2.9166666666666674
79,2021-10-19,08:31:08,09:22:32,BT02,BT01,51.4,5.95
80,2021-10-19,09:42:08,10:34:52,BT01,BT02,52.73333333333333,4.366666666666665
81,2021-10-19,11:52:14,12:48:47,BT02,BT01,56.55,14.683333333333332
82,2021-10-19,15:51:24,16:50:28,BT01,BT02,59.06666666666667,7.2
83,2021-10-19,17:54:08,18:39:37,BT02,BT01,45.48333333333333,3.5666666666666664
84,2021-10-19,20:48:27,21:16:32,BT01,BT02,28.08333333333333,0.9166666666666666
85,2021-10-20,10:40:03,11:36:28,BT02,BT01,56.41666666666666,12.483333333333334
86,2021-10-20,12:15:59,13:15:15,BT01,BT02,59.266666666666666,13.250000000000002
87,2021-10-20,13:44:46,14:39:48,BT02,BT01,55.03333333333333,10.35
88,2021-10-20,16:00:25,17:01:19,BT01,BT02,60.9,5.383333333333333
89,2021-10-20,17:31:31,18:21:04,BT02,BT01,49.55,4.4
90,2021-10-20,20:16:57,20:45:30,BT01,BT02,28.55,1.5833333333333337
91,2021-10-21,04:33:13,05:01:13,BT02,BT01,28.0,1.1
92,2021-10-22,08:41:30,09:34:11,BT02,BT01,52.68333333333333,8.499999999999998
93,2021-10-22,09:52:15,10:45:06,BT01,BT02,52.85,5.4
94,2021-10-22,11:19:23,12:13:02,BT02,BT01,53.65,8.48333333333333
95,2021-10-22,15:31:58,16:28:14,BT01,BT02,56.266666666666666,7.816666666666667
96,2021-10-22,16:29:48,19:10:33,BT02,BT01,160.75,97.83333333333329
97,2021-10-22,19:55:48,20:28:43,BT01,BT02,32.916666666666664,1.1166666666666667
98,2021-10-23,05:13:29,05:40:04,BT02,BT01,26.58333333333333,1.75
99,2021-10-23,06:01:41,08:27:08,BT01,BT02,145.45,89.28333333333332
100,2021-10-23,16:53:33,18:30:36,BT02,BT01,97.05,35.11666666666665
101,2021-10-23,19:03:40,21:46:48,BT01,BT02,163.13333333333333,125.51666666666668
102,2021-10-24,08:58:57,09:53:31,BT02,BT01,54.56666666666667,6.6166666666666645
103,2021-10-24,10:11:41,11:07:45,BT01,BT02,56.06666666666667,9.083333333333332
104,2021-10-24,13:01:00,13:51:22,BT02,BT01,50.36666666666667,7.216666666666665
105,2021-10-24,17:38:38,18:23:13,BT01,BT02,44.583333333333336,4.150000000000001
106,2021-10-25,08:22:43,09:15:53,BT02,BT01,53.16666666666666,9.416666666666668
107,2021-10-25,09:51:56,10:46:33,BT01,BT02,54.61666666666667,7.899999999999999
108,2021-10-25,11:41:31,12:42:02,BT02,BT01,60.516666666666666,11.550000000000002
109,2021-10-25,13:01:42,13:52:49,BT01,BT02,51.11666666666667,5.949999999999999
110,2021-10-25,15:31:21,16:27:10,BT02,BT01,55.81666666666667,11.05
111,2021-10-25,20:53:42,21:26:32,BT01,BT02,32.833333333333336,3.3666666666666663
112,2021-10-26,02:03:39,02:39:54,BT01,BT02,36.25,10.683333333333334
113,2021-10-26,15:49:01,18:41:55,BT02,BT01,172.9,89.84999999999991
114,2021-10-26,19:26:39,20:02:49,BT01,BT02,36.16666666666666,0.4499999999999999
115,2021-10-27,13:41:49,14:32:35,BT02,BT01,50.766666666666666,4.516666666666667
116,2021-10-27,15:21:51,16:19:00,BT01,BT02,57.15,9.116666666666667
117,2021-10-27,16:22:40,18:41:49,BT02,BT01,139.15,76.18333333333324
118,2021-10-27,21:11:32,21:41:11,BT01,BT02,29.65,2.833333333333333
119,2021-10-28,12:01:20,12:57:59,BT02,BT01,56.65,10.95
120,2021-10-28,13:32:06,14:24:00,BT01,BT02,51.9,9.133333333333333
121,2021-10-28,15:21:46,16:17:50,BT02,BT01,56.06666666666667,9.066666666666666
122,2021-10-28,16:43:07,17:27:32,BT01,BT02,44.41666666666666,4.9
123,2021-10-29,08:10:18,09:01:44,BT02,BT01,51.43333333333333,2.75
124,2021-10-29,09:52:06,10:42:34,BT01,BT02,50.46666666666667,3.716666666666667
125,2021-10-29,11:51:16,12:49:00,BT02,BT01,57.73333333333333,12.283333333333337
126,2021-10-29,13:40:07,14:23:47,BT01,BT02,43.66666666666666,5.65
127,2021-10-29,15:41:19,16:35:09,BT02,BT01,53.833333333333336,7.216666666666665
128,2021-10-29,16:50:28,17:33:55,BT01,BT02,43.45,3.4000000000000004
129,2021-10-30,08:40:21,09:33:50,BT02,BT01,53.48333333333333,10.366666666666667
130,2021-10-30,09:52:02,10:39:59,BT01,BT02,47.95,3.1833333333333336
131,2021-10-30,11:21:58,12:13:17,BT02,BT01,51.31666666666667,8.85
132,2021-10-30,12:32:43,13:18:32,BT01,BT02,45.81666666666667,5.3666666666666645
133,2021-10-30,16:51:04,18:44:38,BT02,BT01,113.56666666666666,51.03333333333332
134,2021-10-30,20:36:47,21:12:09,BT01,BT02,35.36666666666667,2.9333333333333336
135,2021-10-31,08:39:32,09:33:53,BT02,BT01,54.35,9.283333333333331
136,2021-10-31,10:51:32,11:45:52,BT01,BT02,54.333333333333336,6.433333333333334
137,2021-10-31,12:18:37,13:15:47,BT02,BT01,57.16666666666666,6.516666666666666
138,2021-10-31,16:17:25,17:00:24,BT01,BT02,42.98333333333333,3.283333333333333
139,2021-10-31,17:25:48,18:15:35,BT02,BT01,49.78333333333333,5.8166666666666655
140,2021-10-31,20:41:11,21:15:52,BT01,BT02,34.68333333333333,2.083333333333333
141,2021-11-01,04:55:22,05:30:23,BT02,BT01,35.016666666666666,2.4833333333333334
142,2021-11-01,05:35:36,12:15:43,BT01,BT02,400.1166666666667,336.88333333333327
143,2021-11-02,04:25:42,04:53:43,BT02,BT01,28.016666666666666,0.8500000000000001
144,2021-11-02,04:56:24,08:30:08,BT01,BT02,213.7333333333333,158.1166666666666
145,2021-11-02,08:40:08,09:35:40,BT02,BT01,55.53333333333333,10.199999999999996
146,2021-11-02,10:02:01,10:55:30,BT01,BT02,53.48333333333333,5.416666666666665
147,2021-11-02,14:26:34,18:30:53,BT02,BT01,244.31666666666663,180.4166666666668
148,2021-11-02,20:05:19,20:42:24,BT01,BT02,37.083333333333336,3.083333333333333
149,2021-11-03,04:32:08,05:01:30,BT02,BT01,29.366666666666667,2.083333333333333
150,2021-11-03,05:04:09,07:03:01,BT01,BT02,118.86666666666666,68.13333333333333
151,2021-11-03,07:12:52,07:58:17,BT02,BT01,45.41666666666666,7.899999999999998
152,2021-11-03,08:32:01,09:23:53,BT01,BT02,51.86666666666667,4.766666666666668
153,2021-11-03,11:12:22,12:06:41,BT02,BT01,54.31666666666667,8.133333333333331
154,2021-11-03,12:21:44,13:06:39,BT01,BT02,44.91666666666666,5.349999999999998
155,2021-11-03,15:01:52,15:57:02,BT02,BT01,55.16666666666666,12.383333333333333
156,2021-11-03,16:23:10,17:18:10,BT01,BT02,55.0,13.133333333333333
157,2021-11-03,17:24:16,18:42:57,BT02,BT01,78.68333333333334,17.500000000000004
158,2021-11-03,21:21:46,22:31:20,BT01,BT02,69.56666666666666,24.033333333333346
159,2021-11-04,08:21:50,09:17:19,BT02,BT01,55.48333333333333,11.083333333333336
160,2021-11-04,09:30:01,10:20:31,BT01,BT02,50.5,5.8500000000000005
161,2021-11-04,16:37:36,18:31:57,BT02,BT01,114.35,55.24999999999999
162,2021-11-04,20:35:56,21:02:05,BT01,BT02,26.15,0.7833333333333334
163,2021-11-05,04:12:43,04:45:21,BT02,BT01,32.63333333333333,2.3833333333333333
164,2021-11-05,04:51:21,08:05:01,BT01,BT02,193.66666666666663,137.5666666666666
165,2021-11-05,14:19:58,18:43:43,BT02,BT01,263.75,151.98333333333338
166,2021-11-05,19:22:24,19:57:36,BT01,BT02,35.2,3.083333333333333
167,2021-11-06,04:12:27,04:41:19,BT02,BT01,28.866666666666667,0.5166666666666666
168,2021-11-06,04:48:43,07:06:32,BT01,BT02,137.81666666666666,86.3333333333333
169,2021-11-06,17:09:55,18:35:33,BT02,BT01,85.63333333333334,29.550000000000004
170,2021-11-06,20:49:19,21:23:20,BT01,BT02,34.016666666666666,3.4833333333333334
171,2021-11-07,07:12:37,08:02:10,BT02,BT01,49.55,3.4333333333333336
172,2021-11-07,08:19:33,09:13:15,BT01,BT02,53.7,5.050000000000001
173,2021-11-07,10:51:38,11:47:31,BT02,BT01,55.88333333333333,9.916666666666664
174,2021-11-07,12:03:46,12:59:25,BT01,BT02,55.65,5.4
175,2021-11-07,13:42:19,14:36:09,BT02,BT01,53.833333333333336,11.266666666666667
176,2021-11-07,15:05:29,15:59:31,BT01,BT02,54.03333333333333,4.166666666666667
177,2021-11-07,17:18:06,18:15:52,BT02,BT01,57.766666666666666,14.816666666666668
178,2021-11-07,20:41:46,21:14:02,BT01,BT02,32.266666666666666,1.0833333333333333
179,2021-11-08,07:27:36,08:24:23,BT02,BT01,56.78333333333333,17.21666666666668
180,2021-11-08,08:52:38,09:44:29,BT01,BT02,51.85,8.249999999999998
181,2021-11-08,10:51:41,11:46:03,BT02,BT01,54.36666666666667,8.633333333333333
182,2021-11-08,12:10:52,13:24:51,BT01,BT02,73.98333333333333,11.533333333333331
183,2021-11-08,17:06:09,18:44:38,BT02,BT01,98.48333333333332,33.58333333333335
184,2021-11-08,20:58:54,21:31:51,BT01,BT02,32.95,1.15
185,2021-11-09,07:09:46,08:03:16,BT02,BT01,53.5,9.85
186,2021-11-09,08:42:29,09:35:55,BT01,BT02,53.43333333333333,9.016666666666667
187,2021-11-09,10:40:51,11:33:55,BT02,BT01,53.06666666666667,8.549999999999999
188,2021-11-09,12:12:31,13:15:27,BT01,BT02,62.93333333333333,10.383333333333336
189,2021-11-09,15:11:37,15:59:20,BT02,BT01,47.71666666666667,6.8666666666666645
190,2021-11-09,16:12:33,17:12:41,BT01,BT02,60.13333333333333,9.55
191,2021-11-09,17:15:16,18:46:10,BT02,BT01,90.9,28.5
192,2021-11-09,19:13:39,21:33:31,BT01,BT02,139.86666666666667,76.16666666666666
193,2021-11-10,07:24:27,08:14:36,BT02,BT01,50.15,22.05000000000001
194,2021-11-10,09:01:59,09:50:32,BT01,BT02,48.55,4.749999999999999
195,2021-11-10,11:01:22,11:56:51,BT02,BT01,55.48333333333333,12.083333333333334
196,2021-11-10,12:22:39,13:38:47,BT01,BT02,76.13333333333334,25.26666666666668
197,2021-11-10,15:12:48,16:06:35,BT02,BT01,53.78333333333333,11.466666666666669
198,2021-11-10,16:22:22,17:10:01,BT01,BT02,47.65,6.933333333333331
199,2021-11-10,17:16:31,18:33:58,BT02,BT01,77.45,13.83333333333334
200,2021-11-10,19:27:22,20:06:30,BT01,BT02,39.13333333333333,3.5333333333333337
201,2021-11-11,16:46:05,18:38:40,BT02,BT01,112.58333333333331,53.85
202,2021-11-11,18:56:03,20:08:23,BT01,BT02,72.33333333333333,40.68333333333333
203,2021-11-12,07:31:17,08:15:57,BT02,BT01,44.66666666666666,5.899999999999999
204,2021-11-12,08:51:58,09:44:43,BT01,BT02,52.75,5.949999999999998
205,2021-11-12,11:01:01,11:58:43,BT02,BT01,57.7,9.250000000000004
206,2021-11-12,12:20:48,13:20:16,BT01,BT02,59.46666666666667,9.516666666666664
207,2021-11-12,15:11:40,16:03:01,BT02,BT01,51.35,7.633333333333332
208,2021-11-12,16:11:20,17:02:34,BT01,BT02,51.23333333333333,3.616666666666666
209,2021-11-12,17:06:30,18:52:15,BT02,BT01,105.75,38.80000000000001
210,2021-11-12,19:49:08,20:49:49,BT01,BT02,60.68333333333333,1.55
211,2021-11-13,08:41:36,09:29:30,BT02,BT01,47.9,5.283333333333331
212,2021-11-13,09:51:16,10:47:41,BT01,BT02,56.41666666666666,8.333333333333332
213,2021-11-13,11:22:10,12:17:19,BT02,BT01,55.15,8.6
214,2021-11-13,12:42:38,13:33:03,BT01,BT02,50.41666666666666,6.049999999999999
215,2021-11-13,15:10:28,16:10:02,BT02,BT01,59.56666666666667,4.883333333333333
216,2021-11-13,20:59:10,21:31:32,BT01,BT02,32.36666666666667,0.1833333333333333
217,2021-11-14,09:11:29,10:00:59,BT02,BT01,49.5,7.000000000000001
218,2021-11-14,10:29:37,11:30:12,BT01,BT02,60.583333333333336,16.71666666666667
219,2021-11-14,13:11:25,14:08:15,BT02,BT01,56.833333333333336,6.583333333333332
220,2021-11-14,14:32:48,15:18:30,BT01,BT02,45.7,4.849999999999999
221,2021-11-14,17:06:40,19:05:18,BT02,BT01,118.63333333333334,29.933333333333334
222,2021-11-14,19:36:46,20:11:26,BT01,BT02,34.666666666666664,2.3000000000000003
223,2021-11-15,08:16:39,09:10:04,BT02,BT01,53.41666666666666,7.566666666666664
224,2021-11-15,09:42:16,10:41:19,BT01,BT02,59.05,15.816666666666665
225,2021-11-15,11:20:05,12:17:30,BT02,BT01,57.41666666666666,13.6
226,2021-11-15,12:30:41,13:14:29,BT01,BT02,43.8,5.666666666666666
227,2021-11-15,14:19:01,18:40:43,BT02,BT01,261.7,191.4166666666668
228,2021-11-15,20:51:32,21:22:22,BT01,BT02,30.83333333333333,1.2333333333333332
229,2021-11-16,04:24:54,04:57:48,BT02,BT01,32.9,2.0666666666666664
230,2021-11-16,05:02:47,07:04:37,BT01,BT02,121.83333333333331,69.74999999999993
231,2021-11-16,13:33:11,18:38:48,BT02,BT01,305.6166666666667,239.03333333333345
232,2021-11-16,20:45:51,21:16:34,BT01,BT02,30.716666666666665,0.7833333333333333
233,2021-11-17,14:01:37,18:42:58,BT02,BT01,281.35,203.3500000000002
234,2021-11-17,18:50:12,19:38:05,BT01,BT02,47.88333333333333,5.533333333333333
235,2021-11-19,08:24:30,09:11:32,BT02,BT01,47.03333333333333,6.049999999999998
236,2021-11-19,10:13:20,10:58:12,BT01,BT02,44.86666666666667,7.099999999999998
237,2021-11-19,15:18:00,16:12:23,BT02,BT01,54.38333333333333,8.149999999999999
238,2021-11-19,16:29:10,17:11:23,BT01,BT02,42.21666666666667,8.549999999999999
239,2021-11-20,07:58:41,08:50:51,BT02,BT01,52.16666666666666,7.149999999999999
240,2021-11-20,09:11:32,10:02:10,BT01,BT02,50.63333333333333,10.133333333333333
241,2021-11-20,15:01:13,15:53:23,BT02,BT01,52.16666666666666,6.616666666666664
242,2021-11-20,16:19:55,17:00:48,BT01,BT02,40.88333333333333,3.3000000000000003
243,2021-11-20,17:03:12,18:34:02,BT02,BT01,90.83333333333331,31.66666666666668
244,2021-11-20,19:06:00,19:46:30,BT01,BT02,40.5,2.166666666666667
245,2021-11-22,07:38:45,08:24:30,BT02,BT01,45.75,4.683333333333334
246,2021-11-22,08:50:26,09:41:34,BT01,BT02,51.13333333333333,6.833333333333333
247,2021-11-22,11:21:19,12:16:54,BT02,BT01,55.583333333333336,11.21666666666667
248,2021-11-22,12:31:32,13:35:44,BT01,BT02,64.2,17.433333333333337
249,2021-11-22,16:23:05,18:33:14,BT02,BT01,130.15,62.43333333333334
250,2021-11-22,19:35:02,20:39:24,BT01,BT02,64.36666666666666,24.316666666666663
251,2021-11-23,07:23:43,08:07:10,BT02,BT01,43.45,4.8166666666666655
252,2021-11-23,08:31:13,09:21:54,BT01,BT02,50.68333333333333,3.8333333333333335
253,2021-11-23,11:31:23,12:29:00,BT02,BT01,57.61666666666667,14.25
254,2021-11-23,12:41:25,13:48:53,BT01,BT02,67.46666666666667,18.46666666666667
255,2021-11-23,15:11:21,16:05:20,BT02,BT01,53.98333333333333,7.583333333333334
256,2021-11-23,16:50:23,17:48:28,BT01,BT02,58.083333333333336,4.749999999999999
257,2021-11-23,17:55:04,19:31:41,BT02,BT01,96.61666666666666,30.46666666666668
258,2021-11-23,20:32:34,21:29:40,BT01,BT02,57.1,12.033333333333331
259,2021-11-24,07:29:10,08:17:50,BT02,BT01,48.66666666666666,5.716666666666666
260,2021-11-24,08:41:49,09:24:30,BT01,BT02,42.68333333333333,2.1333333333333333
261,2021-11-24,10:29:30,11:22:46,BT02,BT01,53.266666666666666,12.533333333333337
262,2021-11-24,12:02:54,13:04:03,BT01,BT02,61.15,13.866666666666667
263,2021-11-24,13:30:41,14:20:55,BT02,BT01,50.23333333333333,9.350000000000003
264,2021-11-24,14:52:32,15:41:03,BT01,BT02,48.516666666666666,4.9
265,2021-11-24,16:30:36,17:21:31,BT02,BT01,50.91666666666666,7.066666666666666
266,2021-11-24,17:58:03,18:40:14,BT01,BT02,42.18333333333333,5.833333333333333
267,2021-11-25,07:39:52,08:31:02,BT02,BT01,51.16666666666666,11.96666666666666
268,2021-11-25,09:01:10,09:55:19,BT01,BT02,54.15,4.65
269,2021-11-25,11:22:47,12:42:49,BT02,BT01,80.03333333333333,28.11666666666667
270,2021-11-25,12:59:56,13:50:12,BT01,BT02,50.266666666666666,6.983333333333332
271,2021-11-25,15:31:11,16:32:31,BT02,BT01,61.333333333333336,26.83333333333333
272,2021-11-25,17:03:13,17:49:31,BT01,BT02,46.3,3.9500000000000006
273,2021-11-25,17:52:12,19:28:32,BT02,BT01,96.33333333333331,31.38333333333334
274,2021-11-25,20:23:45,21:13:44,BT01,BT02,49.98333333333333,0.3999999999999999
275,2021-11-27,07:10:44,07:54:33,BT02,BT01,43.81666666666667,2.9666666666666663
276,2021-11-27,08:11:40,09:02:30,BT01,BT02,50.833333333333336,4.666666666666666
277,2021-11-27,11:01:14,12:04:04,BT02,BT01,62.833333333333336,14.783333333333331
278,2021-11-27,12:22:48,13:17:21,BT01,BT02,54.55,6.3
279,2021-11-27,15:12:07,15:56:18,BT02,BT01,44.18333333333333,5.183333333333332
280,2021-11-27,16:11:37,16:59:54,BT01,BT02,48.28333333333333,2.9833333333333334
281,2021-11-27,17:02:53,18:32:16,BT02,BT01,89.38333333333334,30.00000000000001
282,2021-11-27,21:00:00,21:37:42,BT01,BT02,37.7,1.15
283,2021-11-29,06:40:46,07:49:26,BT02,BT01,68.66666666666667,25.6
284,2021-11-29,08:00:41,08:56:39,BT01,BT02,55.96666666666667,9.5
285,2021-11-29,10:02:25,10:57:29,BT02,BT01,55.06666666666667,11.733333333333334
286,2021-11-29,11:32:14,12:29:16,BT01,BT02,57.03333333333333,8.916666666666664
287,2021-11-29,13:22:01,14:25:28,BT02,BT01,63.45,17.95
288,2021-11-29,14:50:00,15:37:34,BT01,BT02,47.56666666666667,7.749999999999998
289,2021-11-29,16:41:56,17:41:39,BT02,BT01,59.71666666666667,9.483333333333336
290,2021-11-29,18:12:01,19:03:40,BT01,BT02,51.65,11.283333333333337
291,2021-11-30,04:40:03,05:12:49,BT02,BT01,32.766666666666666,0.7000000000000001
292,2021-11-30,05:15:44,07:01:43,BT01,BT02,105.98333333333332,54.56666666666669
293,2021-11-30,07:16:13,08:05:31,BT02,BT01,49.3,10.216666666666669
294,2021-11-30,08:21:43,09:12:27,BT01,BT02,50.73333333333333,7.266666666666666
295,2021-11-30,10:31:49,11:26:55,BT02,BT01,55.1,8.583333333333332
296,2021-11-30,11:51:55,12:53:49,BT01,BT02,61.9,12.133333333333333
297,2021-11-30,14:10:55,15:05:29,BT02,BT01,54.56666666666667,7.266666666666666
298,2021-11-30,15:31:45,16:31:22,BT01,BT02,59.61666666666667,7.283333333333332
299,2021-11-30,17:41:47,18:43:19,BT02,BT01,61.53333333333333,12.783333333333337
300,2021-11-30,20:32:28,21:07:33,BT01,BT02,35.083333333333336,2.1666666666666665
301,2021-12-01,17:51:10,19:29:23,BT02,BT01,98.21666666666668,42.05000000000001
302,2021-12-01,20:57:30,21:28:18,BT01,BT02,30.8,1.5666666666666669
303,2021-12-02,07:23:11,08:11:47,BT02,BT01,48.6,7.299999999999994
304,2021-12-02,08:31:11,09:21:02,BT01,BT02,49.85,7.316666666666667
305,2021-12-02,10:41:24,11:39:07,BT02,BT01,57.71666666666667,12.000000000000002
306,2021-12-02,12:02:31,12:53:02,BT01,BT02,50.516666666666666,6.0666666666666655
307,2021-12-02,14:20:53,15:15:16,BT02,BT01,54.38333333333333,9.283333333333331
308,2021-12-02,15:42:27,16:34:42,BT01,BT02,52.25,6.866666666666665
309,2021-12-02,17:36:46,19:26:37,BT02,BT01,109.85,49.45
310,2021-12-02,20:32:42,21:11:27,BT01,BT02,38.75,1.0
311,2021-12-03,08:20:50,09:11:52,BT02,BT01,51.03333333333333,8.033333333333331
312,2021-12-03,09:31:16,10:25:01,BT01,BT02,53.75,6.616666666666665
313,2021-12-03,10:51:04,11:40:22,BT02,BT01,49.3,8.549999999999999
314,2021-12-03,12:00:39,12:52:32,BT01,BT02,51.88333333333333,7.483333333333332
315,2021-12-03,14:11:51,15:11:07,BT02,BT01,59.266666666666666,11.233333333333334
316,2021-12-03,15:29:45,16:27:12,BT01,BT02,57.45,7.416666666666668
317,2021-12-03,17:58:41,19:25:52,BT02,BT01,87.18333333333334,30.516666666666683
318,2021-12-03,21:04:44,22:31:15,BT01,BT02,86.51666666666667,49.6
319,2021-12-04,08:11:30,09:04:30,BT02,BT01,53.0,11.61666666666667
320,2021-12-04,09:22:56,10:16:04,BT01,BT02,53.13333333333333,5.466666666666667
321,2021-12-04,10:51:37,11:42:15,BT02,BT01,50.63333333333333,11.05
322,2021-12-04,12:01:26,12:53:25,BT01,BT02,51.98333333333333,5.95
323,2021-12-04,15:00:45,15:51:11,BT02,BT01,50.43333333333333,7.633333333333332
324,2021-12-04,16:11:36,17:03:14,BT01,BT02,51.63333333333333,5.983333333333332
325,2021-12-04,17:06:27,18:36:55,BT02,BT01,90.46666666666668,28.26666666666668
326,2021-12-04,20:50:20,21:28:17,BT01,BT02,37.95,2.1333333333333337
327,2021-12-05,08:00:11,08:50:15,BT02,BT01,50.06666666666667,7.649999999999996
328,2021-12-05,09:12:32,10:01:04,BT01,BT02,48.53333333333333,3.533333333333333
329,2021-12-05,11:11:21,12:11:30,BT02,BT01,60.15,16.55
330,2021-12-05,12:30:53,13:29:56,BT01,BT02,59.05,14.68333333333333
331,2021-12-05,14:11:44,15:00:13,BT02,BT01,48.48333333333333,6.849999999999998
332,2021-12-05,15:45:29,16:40:54,BT01,BT02,55.41666666666666,6.299999999999999
333,2021-12-05,17:30:45,18:33:41,BT02,BT01,62.93333333333333,11.449999999999998
334,2021-12-05,19:19:49,20:00:11,BT01,BT02,40.36666666666667,3.45
335,2021-12-06,17:38:07,19:22:00,BT02,BT01,103.88333333333334,44.91666666666665
336,2021-12-06,20:54:59,21:28:19,BT01,BT02,33.333333333333336,1.0666666666666669
337,2021-12-07,07:18:54,08:07:25,BT02,BT01,48.516666666666666,8.466666666666667
338,2021-12-07,08:32:22,09:27:04,BT01,BT02,54.7,5.9
339,2021-12-07,10:51:43,11:52:05,BT02,BT01,60.36666666666667,9.28333333333333
340,2021-12-07,12:11:17,13:06:23,BT01,BT02,55.1,5.833333333333332
341,2021-12-07,15:40:10,16:32:24,BT02,BT01,52.23333333333333,7.766666666666662
342,2021-12-07,17:00:56,17:49:32,BT01,BT02,48.6,6.416666666666663
343,2021-12-07,18:01:11,19:28:30,BT02,BT01,87.31666666666666,29.349999999999994
344,2021-12-07,21:18:42,21:52:14,BT01,BT02,33.53333333333333,2.1166666666666663
345,2021-12-08,07:15:49,08:04:43,BT02,BT01,48.9,7.449999999999998
346,2021-12-08,08:30:45,09:17:56,BT01,BT02,47.18333333333333,5.966666666666667
347,2021-12-08,11:00:22,11:53:57,BT02,BT01,53.583333333333336,9.716666666666663
348,2021-12-08,12:22:28,13:24:17,BT01,BT02,61.81666666666667,12.349999999999998
349,2021-12-08,15:40:57,16:32:11,BT02,BT01,51.23333333333333,6.549999999999998
350,2021-12-08,16:53:00,17:48:48,BT01,BT02,55.8,4.55
351,2021-12-08,17:59:10,19:27:01,BT02,BT01,87.85,30.58333333333333
352,2021-12-08,20:26:53,21:03:30,BT01,BT02,36.61666666666667,1.2166666666666668
353,2021-12-09,05:34:31,08:03:18,BT02,BT01,148.78333333333333,12.583333333333334
354,2021-12-09,08:30:47,09:20:55,BT01,BT02,50.13333333333333,4.666666666666665
355,2021-12-09,11:20:27,12:22:37,BT02,BT01,62.16666666666666,13.099999999999998
356,2021-12-09,12:42:14,13:49:23,BT01,BT02,67.15,23.93333333333333
357,2021-12-09,14:30:26,15:22:27,BT02,BT01,52.016666666666666,4.766666666666666
358,2021-12-09,15:51:22,16:51:01,BT01,BT02,59.65,5.65
359,2021-12-09,17:20:41,18:14:58,BT02,BT01,54.28333333333333,10.816666666666668
360,2021-12-09,19:17:49,19:58:07,BT01,BT02,40.3,4.133333333333333
361,2021-12-10,07:15:53,08:01:57,BT02,BT01,46.06666666666667,4.949999999999998
362,2021-12-10,08:30:06,09:24:15,BT01,BT02,54.15,7.683333333333333
363,2021-12-10,11:00:00,11:55:06,BT02,BT01,55.1,10.016666666666667
364,2021-12-10,12:20:35,13:25:10,BT01,BT02,64.58333333333333,12.466666666666669
365,2021-12-10,16:18:19,19:32:11,BT02,BT01,193.86666666666667,133.85
366,2021-12-11,15:30:25,18:30:59,BT02,BT01,180.56666666666663,123.71666666666664
367,2021-12-11,20:08:08,20:49:45,BT01,BT02,41.61666666666667,3.5333333333333337
368,2021-12-12,06:58:43,07:41:42,BT02,BT01,42.98333333333333,6.95
369,2021-12-12,08:01:18,08:51:46,BT01,BT02,50.46666666666667,6.483333333333333
370,2021-12-12,10:50:58,11:48:54,BT02,BT01,57.93333333333333,7.549999999999997
371,2021-12-12,12:10:20,13:06:22,BT01,BT02,56.03333333333333,5.133333333333333
372,2021-12-12,14:11:30,15:03:48,BT02,BT01,52.3,6.016666666666667
373,2021-12-12,15:31:03,16:21:27,BT01,BT02,50.4,6.433333333333335
374,2021-12-12,17:41:02,18:25:09,BT02,BT01,44.11666666666667,5.033333333333332
375,2021-12-12,18:50:47,19:32:16,BT01,BT02,41.48333333333333,3.2333333333333334
376,2021-12-13,07:19:23,08:01:52,BT02,BT01,42.48333333333333,6.766666666666663
377,2021-12-13,08:29:32,09:20:50,BT01,BT02,51.3,4.066666666666667
378,2021-12-13,10:41:00,12:08:26,BT02,BT01,87.43333333333334,38.58333333333334
379,2021-12-13,15:41:49,16:34:03,BT01,BT02,52.23333333333333,7.799999999999997
380,2021-12-13,17:28:30,19:24:34,BT02,BT01,116.06666666666666,56.583333333333314
381,2021-12-13,20:00:32,20:33:33,BT01,BT02,33.016666666666666,3.6833333333333336
382,2021-12-14,07:17:27,08:04:11,BT02,BT01,46.73333333333333,7.366666666666663
383,2021-12-14,08:21:41,09:12:04,BT01,BT02,50.38333333333333,3.4000000000000004
384,2021-12-14,10:30:24,11:19:30,BT02,BT01,49.1,5.883333333333332
385,2021-12-14,11:42:23,12:39:53,BT01,BT02,57.5,5.000000000000002
386,2021-12-14,14:21:05,15:17:10,BT02,BT01,56.083333333333336,8.533333333333333
387,2021-12-14,15:41:41,16:39:43,BT01,BT02,58.03333333333333,6.799999999999998
388,2021-12-14,17:54:30,19:25:07,BT02,BT01,90.61666666666666,39.0166666666667
389,2021-12-14,20:55:42,21:26:44,BT01,BT02,31.03333333333333,0.8666666666666668
390,2021-12-15,07:21:19,08:04:06,BT02,BT01,42.78333333333333,4.2333333333333325
391,2021-12-15,08:40:38,09:26:10,BT01,BT02,45.53333333333333,4.116666666666666
392,2021-12-15,09:41:10,10:33:42,BT02,BT01,52.53333333333333,8.733333333333333
393,2021-12-15,11:09:51,12:48:17,BT01,BT02,98.43333333333334,51.73333333333333
394,2021-12-15,14:50:13,15:46:06,BT02,BT01,55.88333333333333,7.549999999999998
395,2021-12-15,16:12:02,17:08:41,BT01,BT02,56.65,6.15
396,2021-12-15,17:52:05,19:29:05,BT02,BT01,97.0,40.3
397,2021-12-15,20:57:00,21:28:31,BT01,BT02,31.516666666666666,0.8833333333333333
398,2021-12-16,11:54:32,12:33:36,BT02,BT01,39.06666666666667,4.183333333333333
399,2021-12-16,19:21:55,19:54:40,BT01,BT02,32.75,0.85
400,2021-12-17,18:10:42,19:29:17,BT02,BT01,78.58333333333333,20.383333333333336
401,2021-12-17,20:15:00,21:00:23,BT01,BT02,45.38333333333333,4.9
402,2021-12-19,06:21:31,07:07:55,BT02,BT01,46.4,9.499999999999998
403,2021-12-19,07:41:54,08:32:26,BT01,BT02,50.53333333333333,7.783333333333333
404,2021-12-19,10:50:51,11:42:07,BT02,BT01,51.266666666666666,5.933333333333333
405,2021-12-19,12:12:50,13:09:16,BT01,BT02,56.43333333333333,6.150000000000001
406,2021-12-19,14:51:19,15:48:32,BT02,BT01,57.21666666666667,9.816666666666666
407,2021-12-19,16:12:36,17:08:31,BT01,BT02,55.91666666666666,6.633333333333333
408,2021-12-20,07:09:50,07:53:15,BT02,BT01,43.41666666666666,4.2333333333333325
409,2021-12-20,08:20:32,09:09:48,BT01,BT02,49.266666666666666,5.516666666666666
410,2021-12-20,10:11:17,11:00:26,BT02,BT01,49.15,9.216666666666663
411,2021-12-20,11:22:45,12:22:29,BT01,BT02,59.73333333333333,11.5
412,2021-12-20,15:12:50,16:05:35,BT02,BT01,52.75,11.033333333333337
413,2021-12-20,16:20:56,17:17:58,BT01,BT02,57.03333333333333,7.15
414,2021-12-20,17:46:21,19:32:29,BT02,BT01,106.13333333333334,45.549999999999976
415,2021-12-20,20:30:54,21:09:29,BT01,BT02,38.583333333333336,3.5166666666666666
416,2021-12-22,07:20:58,08:04:12,BT02,BT01,43.23333333333333,5.199999999999999
417,2021-12-22,08:21:07,09:07:50,BT01,BT02,46.71666666666667,4.083333333333333
418,2021-12-22,11:01:07,11:48:58,BT02,BT01,47.85,4.483333333333334
419,2021-12-22,12:12:29,13:12:40,BT01,BT02,60.18333333333333,11.6
420,2021-12-22,15:51:49,16:43:38,BT02,BT01,51.81666666666667,4.15
421,2021-12-22,17:19:14,18:00:56,BT01,BT02,41.7,3.983333333333335
422,2021-12-23,07:22:07,08:05:08,BT02,BT01,43.016666666666666,3.4166666666666665
423,2021-12-23,08:20:31,09:05:58,BT01,BT02,45.45,5.8166666666666655
424,2021-12-23,10:59:37,11:45:35,BT02,BT01,45.96666666666667,6.316666666666663
425,2021-12-23,12:12:47,13:10:28,BT01,BT02,57.68333333333333,10.916666666666664
426,2021-12-23,14:31:19,15:24:57,BT02,BT01,53.63333333333333,5.683333333333332
427,2021-12-23,16:01:32,16:55:45,BT01,BT02,54.21666666666667,5.716666666666665
428,2021-12-23,18:03:51,19:26:58,BT02,BT01,83.11666666666666,26.933333333333348
429,2021-12-23,20:33:24,21:14:01,BT01,BT02,40.61666666666667,2.2999999999999994
430,2021-12-24,08:10:22,09:04:18,BT02,BT01,53.93333333333333,6.8
431,2021-12-24,09:21:48,10:11:33,BT01,BT02,49.75,3.033333333333333
432,2021-12-24,11:40:36,12:38:04,BT02,BT01,57.46666666666667,12.300000000000004
433,2021-12-24,13:03:34,14:55:36,BT01,BT02,112.03333333333332,71.78333333333332
434,2021-12-24,15:11:38,16:01:00,BT02,BT01,49.36666666666667,6.249999999999997
435,2021-12-24,16:43:09,17:34:46,BT01,BT02,51.61666666666667,4.733333333333334
436,2021-12-24,17:37:54,19:23:35,BT02,BT01,105.68333333333334,48.85000000000001
437,2021-12-24,21:21:14,21:57:50,BT01,BT02,36.6,2.016666666666667
438,2021-12-25,08:41:44,09:34:10,BT02,BT01,52.43333333333333,8.933333333333334
439,2021-12-25,10:01:30,10:57:51,BT01,BT02,56.35,13.75
440,2021-12-25,14:23:08,15:28:14,BT02,BT01,65.1,9.45
441,2021-12-25,17:02:48,17:53:57,BT01,BT02,51.15,6.683333333333334
442,2021-12-25,18:24:23,19:17:21,BT02,BT01,52.96666666666667,6.55
443,2021-12-25,20:23:50,21:08:24,BT01,BT02,44.56666666666667,5.15
444,2021-12-27,08:10:35,09:00:18,BT02,BT01,49.71666666666667,4.333333333333333
445,2021-12-27,09:21:41,10:15:36,BT01,BT02,53.91666666666666,6.916666666666667
446,2021-12-27,11:51:47,12:57:53,BT02,BT01,66.1,16.33333333333334
447,2021-12-27,13:12:04,14:08:23,BT01,BT02,56.31666666666667,8.15
448,2021-12-27,15:20:02,16:15:02,BT02,BT01,55.0,7.883333333333333
449,2021-12-27,16:52:14,17:50:13,BT01,BT02,57.98333333333333,10.783333333333331
450,2021-12-28,07:59:53,08:47:31,BT02,BT01,47.63333333333333,6.1166666666666645
451,2021-12-28,09:12:20,10:03:21,BT01,BT02,51.016666666666666,3.45
452,2021-12-28,11:29:18,12:31:57,BT02,BT01,62.65,15.816666666666665
453,2021-12-28,13:01:54,13:50:30,BT01,BT02,48.6,4.499999999999999
454,2021-12-28,15:51:24,16:45:56,BT02,BT01,54.53333333333333,5.616666666666664
455,2021-12-28,17:11:57,18:03:17,BT01,BT02,51.333333333333336,3.866666666666666
456,2021-12-29,07:40:42,08:28:58,BT02,BT01,48.266666666666666,4.833333333333331
457,2021-12-29,08:52:01,09:49:33,BT01,BT02,57.53333333333333,8.933333333333334
458,2021-12-29,11:11:16,12:01:25,BT02,BT01,50.15,5.7
459,2021-12-29,12:21:56,13:19:04,BT01,BT02,57.13333333333333,8.533333333333331
460,2021-12-29,14:46:32,15:49:22,BT02,BT01,62.833333333333336,13.3
461,2021-12-29,16:11:57,17:12:52,BT01,BT02,60.91666666666666,5.533333333333333
462,2021-12-30,09:00:41,09:54:25,BT02,BT01,53.73333333333333,7.466666666666663
463,2021-12-30,10:11:59,11:05:21,BT01,BT02,53.36666666666667,4.75
464,2021-12-30,12:30:31,13:22:49,BT02,BT01,52.3,6.283333333333331
465,2021-12-30,13:41:52,14:35:15,BT01,BT02,53.38333333333333,4.916666666666667
466,2021-12-30,16:00:53,16:52:42,BT02,BT01,51.81666666666667,8.716666666666665
467,2021-12-30,17:38:17,18:24:18,BT01,BT02,46.016666666666666,3.75
468,2022-01-01,08:21:24,09:11:47,BT02,BT01,50.38333333333333,5.383333333333332
469,2022-01-01,09:41:34,10:33:58,BT01,BT02,52.4,6.383333333333332
470,2022-01-02,07:01:42,07:55:03,BT02,BT01,53.35,10.016666666666667
471,2022-01-02,08:10:00,08:58:37,BT01,BT02,48.61666666666667,3.2
472,2022-01-02,10:21:50,11:19:03,BT02,BT01,57.21666666666667,10.666666666666668
473,2022-01-02,11:54:38,12:50:18,BT01,BT02,55.66666666666666,9.083333333333334
474,2022-01-02,13:42:00,14:27:01,BT02,BT01,45.016666666666666,6.283333333333333
475,2022-01-02,15:03:11,15:54:53,BT01,BT02,51.7,4.766666666666666
476,2022-01-02,16:45:57,17:42:51,BT02,BT01,56.9,7.866666666666665
477,2022-01-02,18:35:37,19:23:58,BT01,BT02,48.35,7.416666666666664
478,2022-01-03,06:41:31,07:37:53,BT02,BT01,56.36666666666667,8.766666666666664
479,2022-01-03,08:01:03,08:52:03,BT01,BT02,51.0,6.633333333333332
480,2022-01-03,10:41:21,11:35:34,BT02,BT01,54.21666666666667,8.183333333333332
481,2022-01-03,11:52:28,12:46:57,BT01,BT02,54.48333333333333,8.849999999999998
482,2022-01-03,14:19:40,15:09:16,BT02,BT01,49.6,4.216666666666667
483,2022-01-03,15:41:22,16:35:47,BT01,BT02,54.41666666666666,4.266666666666667
484,2022-01-03,17:09:57,18:12:41,BT02,BT01,62.73333333333333,19.183333333333344
485,2022-01-03,20:42:59,21:16:13,BT01,BT02,33.233333333333334,3.416666666666667
486,2022-01-04,06:22:55,07:17:55,BT02,BT01,55.0,11.050000000000002
487,2022-01-04,07:31:13,08:21:23,BT01,BT02,50.16666666666666,6.033333333333332
488,2022-01-04,10:01:40,10:52:32,BT02,BT01,50.86666666666667,8.8
489,2022-01-04,11:12:59,12:07:46,BT01,BT02,54.78333333333333,11.3
490,2022-01-04,13:21:52,14:26:05,BT02,BT01,64.21666666666667,15.68333333333334
491,2022-01-04,14:41:51,15:35:38,BT01,BT02,53.78333333333333,13.316666666666665
492,2022-01-04,16:30:09,17:22:36,BT02,BT01,52.45,7.266666666666665
493,2022-01-04,17:49:20,18:33:30,BT01,BT02,44.16666666666666,5.433333333333334
494,2022-01-05,06:20:17,07:15:24,BT02,BT01,55.11666666666667,11.05
495,2022-01-05,07:39:26,08:21:24,BT01,BT02,41.96666666666667,4.566666666666666
496,2022-01-05,10:21:38,11:14:54,BT02,BT01,53.266666666666666,7.149999999999999
497,2022-01-05,11:41:06,12:34:30,BT01,BT02,53.4,6.583333333333333
498,2022-01-05,14:23:12,15:49:45,BT02,BT01,86.55,33.69999999999999
499,2022-01-05,16:11:51,17:09:50,BT01,BT02,57.98333333333333,10.249999999999998
500,2022-01-06,15:45:46,18:29:17,BT02,BT01,163.51666666666668,100.08333333333331
501,2022-01-06,20:27:49,21:08:24,BT01,BT02,40.583333333333336,4.033333333333334
502,2022-01-07,06:11:26,06:59:18,BT02,BT01,47.86666666666667,4.833333333333334
503,2022-01-07,07:40:13,10:28:37,BT01,BT02,168.4,118.11666666666667
504,2022-01-07,10:41:01,11:34:14,BT02,BT01,53.21666666666667,8.166666666666668
505,2022-01-07,12:02:00,13:08:08,BT01,BT02,66.13333333333334,12.166666666666668
506,2022-01-07,16:51:18,17:44:40,BT02,BT01,53.36666666666667,7.116666666666666
507,2022-01-07,18:48:35,19:39:10,BT01,BT02,50.583333333333336,7.416666666666665
508,2022-01-08,05:59:39,06:41:10,BT02,BT01,41.516666666666666,3.116666666666667
509,2022-01-08,07:11:18,07:57:10,BT01,BT02,45.86666666666667,2.6833333333333336
510,2022-01-08,09:59:28,10:54:21,BT02,BT01,54.88333333333333,6.933333333333333
511,2022-01-08,11:22:20,12:27:35,BT01,BT02,65.25,11.366666666666664
512,2022-01-08,13:41:39,14:33:11,BT02,BT01,51.53333333333333,3.5
513,2022-01-08,15:01:45,15:54:46,BT01,BT02,53.016666666666666,3.783333333333333
514,2022-01-08,17:31:33,18:22:34,BT02,BT01,51.016666666666666,7.616666666666663
515,2022-01-08,19:21:47,20:08:26,BT01,BT02,46.65,4.7
516,2022-01-09,08:42:35,09:34:29,BT02,BT01,51.9,6.183333333333333
517,2022-01-09,10:01:34,10:59:00,BT01,BT02,57.43333333333333,7.450000000000001
518,2022-01-09,12:30:03,13:23:11,BT02,BT01,53.13333333333333,6.6
519,2022-01-09,13:52:21,14:41:01,BT01,BT02,48.66666666666666,5.65
520,2022-01-09,16:21:39,17:18:53,BT02,BT01,57.23333333333333,5.416666666666668
521,2022-01-09,17:42:07,18:30:02,BT01,BT02,47.91666666666666,3.033333333333334
522,2022-01-10,07:05:58,08:16:23,BT02,BT01,70.41666666666667,25.166666666666657
523,2022-01-10,08:50:07,09:40:35,BT01,BT02,50.46666666666667,5.7333333333333325
524,2022-01-10,11:11:22,12:03:12,BT02,BT01,51.833333333333336,7.549999999999997
525,2022-01-10,12:51:53,13:58:01,BT01,BT02,66.13333333333334,13.4
526,2022-01-10,15:01:05,15:51:32,BT02,BT01,50.45,10.349999999999998
527,2022-01-10,16:42:45,17:41:00,BT01,BT02,58.25,3.483333333333334
528,2022-01-12,08:51:44,09:42:57,BT02,BT01,51.21666666666667,8.533333333333335
529,2022-01-12,10:21:40,11:23:27,BT01,BT02,61.78333333333333,7.533333333333333
530,2022-01-12,16:40:06,17:31:48,BT02,BT01,51.7,6.449999999999999
531,2022-01-12,18:32:46,19:18:20,BT01,BT02,45.56666666666667,6.766666666666667
532,2022-01-13,05:13:10,05:49:09,BT02,BT01,35.983333333333334,2.3833333333333333
533,2022-01-13,06:51:49,08:01:40,BT01,BT02,69.85,18.633333333333333
534,2022-01-13,09:28:45,10:24:23,BT02,BT01,55.63333333333333,11.266666666666667
535,2022-01-13,10:52:10,11:53:28,BT01,BT02,61.3,11.916666666666666
536,2022-01-13,13:31:28,14:42:33,BT02,BT01,71.08333333333333,28.06666666666668
537,2022-01-13,15:02:21,16:00:46,BT01,BT02,58.41666666666666,10.883333333333328
538,2022-01-13,17:40:14,18:29:59,BT02,BT01,49.75,5.349999999999996
539,2022-01-13,19:45:25,20:31:26,BT01,BT02,46.016666666666666,3.833333333333333
540,2022-01-14,05:13:35,05:52:57,BT02,BT01,39.36666666666667,2.3
541,2022-01-14,06:54:25,07:45:08,BT01,BT02,50.71666666666667,5.966666666666666
542,2022-01-14,09:11:10,10:07:40,BT02,BT01,56.5,6.9499999999999975
543,2022-01-14,10:31:21,11:31:39,BT01,BT02,60.3,6.9
544,2022-01-15,08:00:32,08:46:52,BT02,BT01,46.333333333333336,6.966666666666666
545,2022-01-15,09:32:59,10:23:38,BT01,BT02,50.65,7.633333333333334
546,2022-01-15,10:51:07,11:55:45,BT02,BT01,64.63333333333334,14.31666666666666
547,2022-01-15,12:22:14,13:34:55,BT01,BT02,72.68333333333334,24.36666666666667
548,2022-01-15,14:21:31,15:14:33,BT02,BT01,53.03333333333333,6.65
549,2022-01-15,15:53:01,16:55:32,BT01,BT02,62.516666666666666,6.083333333333333
550,2022-01-15,17:13:19,18:04:32,BT02,BT01,51.21666666666667,4.566666666666666
551,2022-01-15,18:52:38,19:42:12,BT01,BT02,49.56666666666667,7.366666666666665
552,2022-01-17,09:22:31,10:22:31,BT02,BT01,60.0,13.166666666666664
553,2022-01-17,10:51:55,11:33:36,BT01,BT02,41.68333333333333,5.4499999999999975
554,2022-01-17,16:01:05,17:16:02,BT02,BT01,74.95,20.850000000000005
555,2022-01-17,18:31:39,19:16:59,BT01,BT02,45.333333333333336,4.05
556,2022-01-18,08:00:53,08:56:07,BT02,BT01,55.23333333333333,6.299999999999997
557,2022-01-18,09:22:02,10:22:36,BT01,BT02,60.56666666666667,6.949999999999998
558,2022-01-18,11:51:22,12:46:02,BT02,BT01,54.66666666666666,10.15
559,2022-01-18,13:12:50,14:15:24,BT01,BT02,62.56666666666667,14.999999999999998
560,2022-01-18,15:41:48,16:30:01,BT02,BT01,48.21666666666667,7.149999999999998
561,2022-01-18,17:11:35,18:12:22,BT01,BT02,60.78333333333333,6.549999999999999
562,2022-01-19,08:10:08,08:59:03,BT02,BT01,48.91666666666666,4.1000000000000005
563,2022-01-19,09:32:06,10:25:04,BT01,BT02,52.96666666666667,4.566666666666666
564,2022-01-19,11:42:10,12:36:52,BT02,BT01,54.7,9.750000000000002
565,2022-01-19,13:01:08,14:00:47,BT01,BT02,59.65,14.95
566,2022-01-19,14:50:42,15:48:31,BT02,BT01,57.81666666666667,10.566666666666665
567,2022-01-19,16:10:18,17:02:57,BT01,BT02,52.65,6.999999999999997
568,2022-01-19,17:14:13,19:20:30,BT02,BT01,126.28333333333332,72.74999999999994
569,2022-01-19,20:47:03,21:22:48,BT01,BT02,35.75,1.65
570,2022-01-20,08:38:37,09:30:26,BT02,BT01,51.81666666666667,7.333333333333329
571,2022-01-20,10:02:07,10:50:19,BT01,BT02,48.2,5.3500000000000005
572,2022-01-20,12:31:58,13:27:01,BT02,BT01,55.05,8.433333333333334
573,2022-01-20,13:42:33,14:39:38,BT01,BT02,57.083333333333336,17.349999999999998
574,2022-01-20,16:00:34,16:48:50,BT02,BT01,48.266666666666666,7.066666666666664
575,2022-01-20,17:10:43,17:55:38,BT01,BT02,44.91666666666666,2.666666666666667
576,2022-01-20,17:58:45,19:23:33,BT02,BT01,84.8,26.56666666666668
577,2022-01-20,20:04:01,20:36:39,BT01,BT02,32.63333333333333,1.1666666666666667
578,2022-01-22,07:50:31,08:38:15,BT02,BT01,47.73333333333333,7.583333333333333
579,2022-01-22,08:53:36,09:46:04,BT01,BT02,52.46666666666667,5.116666666666666
580,2022-01-22,11:51:20,12:53:09,BT02,BT01,61.81666666666667,14.383333333333333
581,2022-01-22,13:12:53,14:04:00,BT01,BT02,51.11666666666667,8.916666666666666
582,2022-01-22,15:31:42,16:24:05,BT02,BT01,52.38333333333333,6.4
583,2022-01-22,17:00:43,18:01:27,BT01,BT02,60.73333333333333,18.300000000000004
584,2022-01-24,07:09:20,08:15:09,BT02,BT01,65.81666666666666,24.250000000000018
585,2022-01-24,08:54:42,09:43:20,BT01,BT02,48.63333333333333,6.116666666666667
586,2022-01-24,11:00:44,11:50:26,BT02,BT01,49.7,10.266666666666666
587,2022-01-24,12:32:20,13:30:02,BT01,BT02,57.7,8.05
588,2022-01-24,14:49:05,15:38:41,BT02,BT01,49.6,3.65
589,2022-01-24,16:20:46,17:11:08,BT01,BT02,50.36666666666667,6.449999999999999
590,2022-01-25,06:59:44,08:02:36,BT02,BT01,62.86666666666667,22.78333333333333
591,2022-01-25,08:33:09,09:19:36,BT01,BT02,46.45,4.016666666666667
592,2022-01-25,11:22:02,12:14:50,BT02,BT01,52.8,10.016666666666666
593,2022-01-25,12:42:13,13:43:17,BT01,BT02,61.06666666666667,12.016666666666667
594,2022-01-25,15:22:21,16:05:03,BT02,BT01,42.7,4.216666666666666
595,2022-01-25,16:41:37,17:36:27,BT01,BT02,54.833333333333336,5.1
596,2022-01-27,07:10:28,07:53:44,BT02,BT01,43.266666666666666,6.599999999999997
597,2022-01-27,08:34:09,09:22:08,BT01,BT02,47.98333333333333,6.366666666666665
598,2022-01-27,11:30:19,12:21:22,BT02,BT01,51.05,9.983333333333334
599,2022-01-27,12:40:32,13:43:45,BT01,BT02,63.21666666666667,11.933333333333332
600,2022-01-27,15:29:44,16:20:26,BT02,BT01,50.7,2.916666666666668
601,2022-01-27,16:50:35,17:44:13,BT01,BT02,53.63333333333333,6.616666666666666
602,2022-01-28,06:59:28,07:45:52,BT02,BT01,46.4,8.799999999999999
603,2022-01-28,08:21:47,09:11:26,BT01,BT02,49.65,1.4
604,2022-01-28,11:20:57,12:10:37,BT02,BT01,49.66666666666666,7.299999999999996
605,2022-01-28,12:30:12,13:30:20,BT01,BT02,60.13333333333333,11.83333333333333
606,2022-01-28,15:21:16,16:15:53,BT02,BT01,54.61666666666667,6.466666666666666
607,2022-01-28,16:41:32,17:42:00,BT01,BT02,60.46666666666667,8.083333333333332
608,2022-01-29,06:42:01,07:25:54,BT02,BT01,43.88333333333333,6.616666666666667
609,2022-01-29,07:53:47,08:41:02,BT01,BT02,47.25,4.083333333333333
610,2022-01-29,08:43:14,11:30:50,BT02,BT01,167.6,116.63333333333333
611,2022-01-29,11:50:10,14:06:11,BT01,BT02,136.01666666666668,84.23333333333332
612,2022-01-29,14:06:51,15:16:14,BT02,BT01,69.38333333333334,21.40000000000001
613,2022-01-30,08:51:28,09:41:47,BT02,BT01,50.31666666666667,8.683333333333334
614,2022-01-30,10:01:50,10:53:16,BT01,BT02,51.43333333333333,2.35
615,2022-01-30,12:18:19,13:10:34,BT02,BT01,52.25,9.783333333333331
616,2022-01-30,13:41:59,14:25:39,BT01,BT02,43.66666666666666,1.7166666666666666
617,2022-01-30,15:41:19,16:31:19,BT02,BT01,50.0,6.316666666666666
618,2022-01-30,17:36:06,18:18:47,BT01,BT02,42.68333333333333,3.866666666666666
619,2022-01-31,08:31:20,09:21:42,BT02,BT01,50.36666666666667,5.033333333333334
620,2022-01-31,09:42:19,10:25:09,BT01,BT02,42.833333333333336,3.6833333333333336
621,2022-01-31,11:21:26,12:15:12,BT02,BT01,53.766666666666666,11.833333333333334
622,2022-01-31,12:31:59,13:27:07,BT01,BT02,55.13333333333333,6.1000000000000005
623,2022-01-31,14:12:08,15:05:32,BT02,BT01,53.4,7.866666666666665
624,2022-01-31,15:31:31,16:29:09,BT01,BT02,57.63333333333333,7.666666666666667
625,2022-01-31,17:01:08,17:57:40,BT02,BT01,56.53333333333333,11.966666666666669
626,2022-01-31,19:44:15,20:25:40,BT01,BT02,41.41666666666666,4.699999999999999
627,2022-02-02,06:31:01,07:22:31,BT02,BT01,51.5,10.5
628,2022-02-02,07:53:45,08:39:34,BT01,BT02,45.81666666666667,6.283333333333331
629,2022-02-02,10:31:22,11:20:36,BT02,BT01,49.23333333333333,9.383333333333336
630,2022-02-02,11:41:39,12:35:05,BT01,BT02,53.43333333333333,5.949999999999999
631,2022-02-02,14:11:30,15:00:10,BT02,BT01,48.66666666666666,3.933333333333333
632,2022-02-02,15:22:26,16:14:09,BT01,BT02,51.71666666666667,2.55
633,2022-02-03,06:11:05,06:51:59,BT02,BT01,40.9,4.949999999999998
634,2022-02-03,07:32:02,08:19:43,BT01,BT02,47.68333333333333,3.1666666666666674
635,2022-02-03,10:41:37,11:36:39,BT02,BT01,55.03333333333333,14.3
636,2022-02-03,11:52:03,12:44:35,BT01,BT02,52.53333333333333,5.683333333333332
637,2022-02-03,14:10:47,14:59:29,BT02,BT01,48.7,4.533333333333332
638,2022-02-03,15:31:58,16:25:23,BT01,BT02,53.41666666666666,4.4
639,2022-02-03,17:30:07,18:17:59,BT02,BT01,47.86666666666667,6.1999999999999975
640,2022-02-03,19:31:22,20:12:39,BT01,BT02,41.28333333333333,2.6666666666666665
641,2022-02-05,05:51:56,06:37:01,BT02,BT01,45.083333333333336,8.950000000000001
642,2022-02-05,07:13:19,07:57:15,BT01,BT02,43.93333333333333,2.233333333333334
643,2022-02-05,10:11:07,11:02:01,BT02,BT01,50.9,7.183333333333333
644,2022-02-05,11:21:26,12:20:29,BT01,BT02,59.05,5.866666666666666
645,2022-02-05,14:00:51,14:50:12,BT02,BT01,49.35,3.5166666666666666
646,2022-02-05,15:12:49,16:06:15,BT01,BT02,53.43333333333333,7.333333333333333
647,2022-02-07,08:41:06,09:34:06,BT02,BT01,53.0,6.849999999999999
648,2022-02-07,10:11:21,11:01:25,BT01,BT02,50.06666666666667,4.183333333333334
649,2022-02-07,12:41:20,13:35:49,BT02,BT01,54.48333333333333,8.5
650,2022-02-07,14:22:03,15:13:07,BT01,BT02,51.06666666666667,5.416666666666667
651,2022-02-07,16:31:01,17:22:36,BT02,BT01,51.583333333333336,9.216666666666663
652,2022-02-07,19:03:20,19:44:17,BT01,BT02,40.95,4.749999999999999
653,2022-02-08,09:01:35,09:50:54,BT02,BT01,49.31666666666667,5.499999999999998
654,2022-02-08,10:11:40,11:09:00,BT01,BT02,57.333333333333336,5.7
655,2022-02-08,12:21:58,13:13:30,BT02,BT01,51.53333333333333,10.133333333333336
656,2022-02-08,13:31:33,14:17:13,BT01,BT02,45.66666666666666,4.666666666666666
657,2022-02-08,15:31:14,16:23:21,BT02,BT01,52.11666666666667,9.35
658,2022-02-08,16:41:13,17:40:37,BT01,BT02,59.4,11.233333333333338
659,2022-02-09,08:51:15,09:39:21,BT02,BT01,48.1,8.73333333333333
660,2022-02-09,10:00:38,10:41:19,BT01,BT02,40.68333333333333,2.4
661,2022-02-10,07:59:20,08:53:50,BT02,BT01,54.5,8.049999999999997
662,2022-02-10,09:11:29,10:01:24,BT01,BT02,49.91666666666666,4.250000000000001
663,2022-02-10,11:31:23,12:25:57,BT02,BT01,54.56666666666667,8.93333333333333
664,2022-02-10,12:41:46,13:29:39,BT01,BT02,47.88333333333333,3.2833333333333337
665,2022-02-10,14:30:52,15:20:22,BT02,BT01,49.5,3.8166666666666655
666,2022-02-10,15:42:11,16:31:22,BT01,BT02,49.18333333333333,5.116666666666667
667,2022-02-10,17:20:55,18:17:47,BT02,BT01,56.86666666666667,8.549999999999999
668,2022-02-10,19:49:30,20:32:40,BT01,BT02,43.16666666666666,3.65
669,2022-02-12,08:10:23,09:03:57,BT02,BT01,53.56666666666667,11.516666666666664
670,2022-02-12,09:21:10,10:14:23,BT01,BT02,53.21666666666667,7.699999999999998
671,2022-02-12,11:41:17,12:48:41,BT02,BT01,67.4,17.316666666666663
672,2022-02-12,13:11:34,14:00:08,BT01,BT02,48.56666666666667,4.583333333333333
673,2022-02-12,15:01:11,15:56:37,BT02,BT01,55.43333333333333,4.833333333333332
674,2022-02-12,16:50:48,17:48:04,BT01,BT02,57.266666666666666,7.466666666666665
675,2022-02-13,07:51:51,08:42:50,BT02,BT01,50.98333333333333,5.699999999999999
676,2022-02-13,09:51:34,10:51:50,BT01,BT02,60.266666666666666,19.500000000000004
677,2022-02-13,11:57:59,12:54:54,BT02,BT01,56.91666666666666,12.766666666666673
678,2022-02-13,15:40:13,16:33:16,BT01,BT02,53.05,5.283333333333334
679,2022-02-15,08:00:02,08:58:02,BT02,BT01,58.0,15.150000000000006
680,2022-02-15,09:21:48,10:20:15,BT01,BT02,58.45,6.066666666666666
681,2022-02-15,12:01:08,12:52:28,BT02,BT01,51.333333333333336,13.766666666666666
682,2022-02-15,13:21:29,14:14:10,BT01,BT02,52.68333333333333,6.366666666666665
683,2022-02-15,15:51:19,16:42:52,BT02,BT01,51.55,7.699999999999998
684,2022-02-15,17:11:38,18:05:59,BT01,BT02,54.35,15.416666666666671
685,2022-02-17,07:31:01,08:17:07,BT02,BT01,46.1,9.266666666666667
686,2022-02-17,08:54:05,09:47:16,BT01,BT02,53.18333333333333,8.7
687,2022-02-17,11:12:05,12:15:49,BT02,BT01,63.73333333333333,21.15000000000001
688,2022-02-17,12:32:43,13:18:59,BT01,BT02,46.266666666666666,7.183333333333334
689,2022-02-17,14:51:24,15:44:23,BT02,BT01,52.98333333333333,5.366666666666667
690,2022-02-17,16:20:20,17:12:07,BT01,BT02,51.78333333333333,3.7
691,2022-02-18,07:39:59,08:27:27,BT02,BT01,47.46666666666667,7.283333333333332
692,2022-02-18,08:46:41,09:37:42,BT01,BT02,51.016666666666666,5.300000000000001
693,2022-02-18,13:19:18,18:13:35,BT02,BT01,294.28333333333336,1301.9499999999975
694,2022-02-19,18:14:24,19:55:30,BT01,BT02,101.1,39.41666666666667
695,2022-02-20,06:59:34,07:46:34,BT02,BT01,47.0,7.216666666666664
696,2022-02-20,08:10:37,10:26:26,BT01,BT02,135.81666666666666,89.98333333333332
697,2022-02-20,10:38:17,11:32:05,BT02,BT01,53.8,10.733333333333336
698,2022-02-20,12:01:48,13:02:41,BT01,BT02,60.88333333333333,17.533333333333335
699,2022-02-20,14:18:59,15:12:48,BT02,BT01,53.81666666666667,12.4
700,2022-02-20,16:17:25,17:11:35,BT01,BT02,54.16666666666666,13.8
701,2022-02-22,09:11:16,10:02:48,BT02,BT01,51.53333333333333,6.133333333333332
702,2022-02-22,10:21:28,11:16:10,BT01,BT02,54.7,7.899999999999999
703,2022-02-22,13:12:23,14:02:15,BT02,BT01,49.86666666666667,7.283333333333333
704,2022-02-22,14:21:29,15:13:24,BT01,BT02,51.91666666666666,11.749999999999996
705,2022-02-22,17:30:57,18:31:44,BT02,BT01,60.78333333333333,16.183333333333334
706,2022-02-22,20:44:19,21:21:06,BT01,BT02,36.78333333333333,1.933333333333333
707,2022-02-23,06:41:09,07:27:29,BT02,BT01,46.333333333333336,6.349999999999997
708,2022-02-23,07:53:52,08:40:54,BT01,BT02,47.03333333333333,4.933333333333333
709,2022-02-23,11:11:48,12:11:53,BT02,BT01,60.083333333333336,13.533333333333331
710,2022-02-23,12:31:45,13:27:09,BT01,BT02,55.4,7.633333333333332
711,2022-02-23,15:29:15,16:23:47,BT02,BT01,54.53333333333333,7.499999999999996
712,2022-02-23,16:51:42,17:43:14,BT01,BT02,51.53333333333333,6.700000000000001
713,2022-02-25,06:21:12,07:03:50,BT02,BT01,42.63333333333333,7.249999999999998
714,2022-02-25,07:42:14,08:30:24,BT01,BT02,48.16666666666666,4.583333333333334
715,2022-02-25,10:31:54,11:29:53,BT02,BT01,57.98333333333333,15.816666666666672
716,2022-02-25,11:51:47,12:47:36,BT01,BT02,55.81666666666667,12.433333333333334
717,2022-02-25,14:21:37,15:17:37,BT02,BT01,56.0,8.983333333333334
718,2022-02-25,15:41:24,16:29:13,BT01,BT02,47.81666666666667,2.9833333333333334
719,2022-02-27,09:10:40,10:04:51,BT02,BT01,54.18333333333333,10.05
720,2022-02-27,10:21:23,11:17:41,BT01,BT02,56.3,5.316666666666666
721,2022-02-27,12:51:16,13:47:17,BT02,BT01,56.016666666666666,12.05
722,2022-02-27,14:32:03,15:22:56,BT01,BT02,50.88333333333333,4.883333333333333
723,2022-02-27,16:31:31,17:27:01,BT02,BT01,55.5,5.833333333333332
724,2022-02-27,18:25:45,19:12:10,BT01,BT02,46.41666666666666,4.633333333333334
725,2022-02-28,06:11:31,06:47:32,BT02,BT01,36.016666666666666,2.383333333333333
726,2022-02-28,07:20:34,08:09:02,BT01,BT02,48.46666666666667,4.549999999999999
727,2022-02-28,10:31:38,11:41:28,BT02,BT01,69.83333333333333,19.16666666666667
728,2022-02-28,12:00:39,13:15:40,BT01,BT02,75.01666666666667,21.50000000000001
729,2022-02-28,13:52:15,14:44:58,BT02,BT01,52.71666666666667,4.35
730,2022-02-28,15:30:58,16:26:05,BT01,BT02,55.11666666666667,5.033333333333332
731,2022-07-07,20:17:13,21:04:28,BT01,BT02,47.25,10.15
732,2022-07-08,09:30:57,10:20:55,BT02,BT01,49.96666666666667,7.133333333333331
733,2022-07-08,15:12:07,16:07:21,BT01,BT02,55.23333333333333,8.566666666666665
734,2022-07-12,17:25:20,18:25:00,BT02,BT01,59.66666666666666,14.733333333333334
735,2022-07-12,18:54:11,19:52:47,BT01,BT02,58.6,12.316666666666668
736,2022-07-14,16:53:32,18:01:29,BT02,BT01,67.95,19.93333333333334
737,2022-07-14,18:13:19,19:13:00,BT01,BT02,59.68333333333333,10.55
738,2022-07-15,07:35:12,08:30:41,BT02,BT01,55.48333333333333,10.78333333333334
739,2022-07-15,09:23:22,10:13:51,BT01,BT02,50.48333333333333,6.466666666666666
740,2022-07-18,17:46:07,18:37:52,BT02,BT01,51.75,7.416666666666666
741,2022-07-18,18:55:00,19:49:32,BT01,BT02,54.53333333333333,8.05
742,2022-07-19,05:44:22,06:38:56,BT02,BT01,54.56666666666667,11.733333333333334
743,2022-07-19,06:58:14,08:06:03,BT01,BT02,67.81666666666666,14.599999999999996
744,2022-07-19,16:19:41,17:08:08,BT02,BT01,48.45,7.18333333333333
745,2022-07-19,17:31:16,18:21:47,BT01,BT02,50.516666666666666,7.999999999999998
746,2022-07-20,05:43:13,06:31:56,BT02,BT01,48.71666666666667,4.9
747,2022-07-20,06:52:00,07:50:44,BT01,BT02,58.73333333333333,9.45
748,2022-07-23,06:28:22,07:17:17,BT02,BT01,48.91666666666666,8.783333333333331
749,2022-07-23,07:46:22,08:47:18,BT01,BT02,60.93333333333333,10.716666666666669
750,2022-07-26,07:29:09,08:19:01,BT02,BT01,49.86666666666667,8.883333333333333
751,2022-07-26,10:30:42,11:38:06,BT01,BT02,67.4,8.733333333333333
752,2022-07-26,15:04:00,15:57:57,BT02,BT01,53.95,8.883333333333335
753,2022-07-26,17:40:59,18:36:55,BT01,BT02,55.93333333333333,9.316666666666668
754,2022-07-28,07:24:18,08:19:54,BT02,BT01,55.6,10.383333333333333
755,2022-07-28,10:23:04,11:20:29,BT01,BT02,57.41666666666666,3.766666666666667
756,2022-07-28,14:23:35,15:32:00,BT02,BT01,68.41666666666667,22.000000000000007
757,2022-07-28,15:46:35,16:47:57,BT01,BT02,61.36666666666667,13.216666666666663
758,2022-07-30,16:36:45,18:03:39,BT02,BT01,86.9,16.716666666666665
759,2022-07-30,18:17:02,19:12:20,BT01,BT02,55.3,4.249999999999999
760,2022-07-31,07:38:20,08:40:15,BT02,BT01,61.91666666666666,13.383333333333336
761,2022-07-31,09:28:17,10:28:06,BT01,BT02,59.81666666666667,6.766666666666666
762,2022-08-02,07:19:42,08:09:55,BT02,BT01,50.21666666666667,7.933333333333333
763,2022-08-02,12:30:20,13:46:49,BT01,BT02,76.48333333333333,20.48333333333333
764,2022-08-02,14:29:35,15:39:54,BT02,BT01,70.31666666666666,10.566666666666665
765,2022-08-02,19:50:46,20:57:58,BT01,BT02,67.2,25.433333333333337
766,2022-08-03,09:01:21,10:37:12,BT02,BT01,95.85,49.21666666666666
767,2022-08-03,12:03:06,13:20:25,BT01,BT02,77.31666666666666,17.683333333333334
768,2022-08-03,15:01:39,15:57:44,BT02,BT01,56.083333333333336,6.0666666666666655
769,2022-08-03,16:54:02,17:51:37,BT01,BT02,57.583333333333336,6.016666666666665
770,2022-08-04,09:46:54,10:45:46,BT02,BT01,58.86666666666667,9.650000000000002
771,2022-08-04,14:51:58,15:47:57,BT01,BT02,55.98333333333333,6.2333333333333325
772,2022-08-05,04:09:44,04:41:32,BT02,BT01,31.8,1.5166666666666668
773,2022-08-05,06:00:03,07:41:31,BT01,BT02,101.46666666666668,36.3
774,2022-08-06,08:46:41,09:37:39,BT02,BT01,50.96666666666667,6.816666666666666
775,2022-08-06,11:04:49,11:54:14,BT01,BT02,49.41666666666666,4.433333333333334
776,2022-08-07,07:30:35,08:17:07,BT02,BT01,46.53333333333333,8.633333333333333
777,2022-08-07,09:46:06,10:45:39,BT01,BT02,59.55,7.083333333333333
778,2022-08-07,11:46:38,12:43:47,BT02,BT01,57.15,10.516666666666666
779,2022-08-07,17:02:01,17:53:17,BT01,BT02,51.266666666666666,7.333333333333333
780,2022-08-08,07:30:47,08:13:46,BT02,BT01,42.98333333333333,7.483333333333333
781,2022-08-08,10:01:58,10:58:11,BT01,BT02,56.21666666666667,5.666666666666666
782,2022-08-08,12:16:03,13:16:38,BT02,BT01,60.583333333333336,9.85
783,2022-08-08,14:03:06,14:57:15,BT01,BT02,54.15,8.500000000000002
784,2022-08-08,17:00:17,17:54:37,BT02,BT01,54.333333333333336,4.866666666666666
785,2022-08-08,18:52:34,19:39:42,BT01,BT02,47.13333333333333,6.933333333333334
786,2022-08-09,07:42:18,08:32:41,BT02,BT01,50.38333333333333,5.583333333333333
787,2022-08-09,09:42:08,10:37:24,BT01,BT02,55.266666666666666,3.15
788,2022-08-09,11:31:26,12:28:17,BT02,BT01,56.85,10.033333333333331
789,2022-08-09,15:07:07,16:14:41,BT01,BT02,67.56666666666666,9.6
790,2022-08-10,07:39:48,08:29:20,BT02,BT01,49.53333333333333,7.383333333333331
791,2022-08-10,09:22:50,10:17:27,BT01,BT02,54.61666666666667,6.9
792,2022-08-10,12:20:00,13:20:58,BT02,BT01,60.96666666666667,14.283333333333331
793,2022-08-10,14:42:27,15:47:02,BT01,BT02,64.58333333333333,15.516666666666667
794,2022-08-12,07:42:34,08:28:49,BT02,BT01,46.25,6.349999999999998
795,2022-08-12,11:12:35,12:10:00,BT01,BT02,57.41666666666666,6.433333333333332
796,2022-08-12,14:30:57,15:21:23,BT02,BT01,50.43333333333333,7.049999999999999
797,2022-08-12,16:53:07,17:51:57,BT01,BT02,58.833333333333336,9.300000000000002
798,2022-08-13,07:11:54,07:57:45,BT02,BT01,45.85,7.083333333333333
799,2022-08-13,08:21:01,09:15:30,BT01,BT02,54.48333333333333,8.533333333333335
800,2022-08-13,12:26:14,13:18:58,BT02,BT01,52.73333333333333,8.550000000000002
801,2022-08-13,15:42:10,16:43:34,BT01,BT02,61.4,7.550000000000001
802,2022-08-14,09:30:14,10:22:50,BT02,BT01,52.6,9.05
803,2022-08-14,11:21:14,12:12:37,BT01,BT02,51.38333333333333,6.5666666666666655
804,2022-08-14,14:14:23,15:10:56,BT02,BT01,56.55,5.083333333333331
805,2022-08-14,17:16:06,18:10:06,BT01,BT02,54.0,7.683333333333333
806,2022-08-16,04:13:33,04:43:56,BT02,BT01,30.383333333333333,1.5
807,2022-08-16,07:11:11,08:08:20,BT01,BT02,57.15,8.733333333333333
808,2022-08-17,06:40:42,07:36:39,BT02,BT01,55.95,13.7
809,2022-08-17,08:41:53,09:33:44,BT01,BT02,51.85,4.55
810,2022-08-17,11:01:09,11:55:05,BT02,BT01,53.93333333333333,5.933333333333333
811,2022-08-17,12:40:49,13:48:47,BT01,BT02,67.96666666666667,18.466666666666665
812,2022-08-18,06:02:39,06:53:11,BT02,BT01,50.53333333333333,9.716666666666663
813,2022-08-18,07:41:41,08:35:46,BT01,BT02,54.083333333333336,6.416666666666666
814,2022-08-19,05:59:00,06:47:07,BT02,BT01,48.11666666666667,7.916666666666667
815,2022-08-19,07:51:25,08:45:13,BT01,BT02,53.8,7.066666666666667
816,2022-08-19,16:31:18,17:23:34,BT02,BT01,52.266666666666666,10.7
817,2022-08-19,18:55:03,19:42:48,BT01,BT02,47.75,5.916666666666664
818,2022-08-20,09:51:48,10:48:10,BT02,BT01,56.36666666666667,10.066666666666668
819,2022-08-20,12:23:19,13:17:32,BT01,BT02,54.21666666666667,8.066666666666665
820,2022-08-20,16:01:49,16:58:04,BT02,BT01,56.25,14.600000000000003
821,2022-08-20,18:47:57,19:38:17,BT01,BT02,50.333333333333336,7.433333333333334
822,2022-08-22,08:28:17,09:21:29,BT02,BT01,53.2,8.066666666666665
823,2022-08-22,10:11:31,11:05:40,BT01,BT02,54.15,5.316666666666668
824,2022-08-22,13:01:30,14:18:47,BT02,BT01,77.28333333333333,23.58333333333333
825,2022-08-22,14:37:54,15:30:02,BT01,BT02,52.13333333333333,9.250000000000004
826,2022-08-22,16:51:52,17:48:33,BT02,BT01,56.68333333333333,5.6000000000000005
827,2022-08-22,19:25:29,20:08:00,BT01,BT02,42.516666666666666,4.3500000000000005
828,2022-08-23,08:31:04,09:20:26,BT02,BT01,49.36666666666667,4.216666666666667
829,2022-08-23,10:31:20,11:26:22,BT01,BT02,55.03333333333333,4.316666666666668
830,2022-08-23,12:22:04,13:21:49,BT02,BT01,59.75,12.566666666666666
831,2022-08-23,14:21:19,15:20:30,BT01,BT02,59.18333333333333,15.533333333333331
832,2022-08-23,16:20:58,17:16:00,BT02,BT01,55.03333333333333,7.383333333333331
833,2022-08-23,18:17:08,19:03:04,BT01,BT02,45.93333333333333,7.233333333333331
834,2022-08-24,08:42:07,09:37:24,BT02,BT01,55.28333333333333,6.316666666666667
835,2022-08-24,10:21:43,11:14:20,BT01,BT02,52.61666666666667,5.683333333333333
836,2022-08-24,13:21:19,14:24:18,BT02,BT01,62.98333333333333,11.316666666666666
837,2022-08-24,15:11:53,16:11:59,BT01,BT02,60.1,9.983333333333334
838,2022-08-29,07:11:15,07:55:00,BT02,BT01,43.75,8.716666666666663
839,2022-08-29,09:31:17,10:29:32,BT01,BT02,58.25,10.8
840,2022-08-29,11:37:54,12:30:05,BT02,BT01,52.18333333333333,8.950000000000001
841,2022-08-29,14:11:56,15:10:52,BT01,BT02,58.93333333333333,11.85
842,2022-08-29,15:51:08,16:44:56,BT02,BT01,53.8,8.733333333333334
843,2022-08-29,18:22:31,19:06:53,BT01,BT02,44.36666666666667,5.016666666666666
844,2022-08-30,06:50:42,07:35:39,BT02,BT01,44.95,8.366666666666665
845,2022-08-30,09:11:44,10:06:57,BT01,BT02,55.21666666666667,6.2
846,2022-08-30,11:51:28,12:53:07,BT02,BT01,61.65,13.7
847,2022-08-30,14:41:43,15:32:14,BT01,BT02,50.516666666666666,4.066666666666666
848,2022-09-02,06:32:51,07:12:01,BT02,BT01,39.16666666666666,7.099999999999999
849,2022-09-02,07:12:16,19:50:57,BT01,BT02,758.6833333333333,533.4500000000002
850,2022-09-03,06:19:08,07:08:35,BT02,BT01,49.45,8.683333333333334
851,2022-09-03,08:11:43,09:07:58,BT01,BT02,56.25,9.683333333333335
852,2022-09-03,10:51:19,11:50:28,BT02,BT01,59.15,13.266666666666667
853,2022-09-03,12:41:51,13:38:07,BT01,BT02,56.266666666666666,8.233333333333333
854,2022-09-03,14:41:40,15:38:52,BT02,BT01,57.2,8.049999999999999
855,2022-09-03,16:52:25,17:48:33,BT01,BT02,56.13333333333333,5.566666666666666
856,2022-09-04,09:01:25,09:56:30,BT02,BT01,55.083333333333336,6.233333333333334
857,2022-09-04,11:41:14,12:40:27,BT01,BT02,59.21666666666667,9.083333333333334
858,2022-09-04,13:42:01,14:35:02,BT02,BT01,53.016666666666666,3.983333333333333
859,2022-09-04,18:14:32,19:01:25,BT01,BT02,46.88333333333333,5.249999999999999
860,2022-09-05,06:00:09,06:47:32,BT02,BT01,47.38333333333333,8.516666666666667
861,2022-09-05,07:11:39,08:08:46,BT01,BT02,57.11666666666667,7.249999999999997
862,2022-09-05,10:41:12,11:34:47,BT02,BT01,53.583333333333336,10.266666666666667
863,2022-09-05,12:22:38,13:16:24,BT01,BT02,53.766666666666666,6.866666666666665
864,2022-09-05,15:21:30,16:17:31,BT02,BT01,56.016666666666666,9.516666666666673
865,2022-09-05,16:56:38,17:53:13,BT01,BT02,56.583333333333336,6.383333333333332
866,2022-09-07,05:49:14,06:37:53,BT02,BT01,48.65,4.966666666666666
867,2022-09-07,07:11:48,08:08:55,BT01,BT02,57.11666666666667,9.633333333333336
868,2022-09-07,10:41:49,11:32:37,BT02,BT01,50.8,9.566666666666666
869,2022-09-07,12:41:56,13:47:47,BT01,BT02,65.85,13.766666666666667
870,2022-09-07,15:29:12,16:24:53,BT02,BT01,55.68333333333333,12.76666666666667
871,2022-09-08,06:51:50,07:48:56,BT01,BT02,57.1,5.883333333333333
872,2022-09-08,10:00:25,10:49:14,BT02,BT01,48.81666666666667,7.016666666666666
873,2022-09-08,11:22:18,12:17:03,BT01,BT02,54.75,5.983333333333331
874,2022-09-08,13:51:32,14:47:24,BT02,BT01,55.86666666666667,9.299999999999995
875,2022-09-08,15:32:20,16:30:21,BT01,BT02,58.016666666666666,7.249999999999999
876,2022-09-09,09:21:45,10:21:27,BT02,BT01,59.7,12.033333333333331
877,2022-09-09,11:02:00,11:54:58,BT01,BT02,52.96666666666667,7.799999999999997
878,2022-09-09,14:30:22,15:22:05,BT02,BT01,51.71666666666667,4.85
879,2022-09-09,16:21:22,17:12:10,BT01,BT02,50.8,5.499999999999999
880,2022-09-10,08:29:42,09:26:29,BT02,BT01,56.78333333333333,9.983333333333336
881,2022-09-10,10:02:59,11:07:22,BT01,BT02,64.38333333333334,8.383333333333331
882,2022-09-10,13:43:04,14:40:24,BT02,BT01,57.333333333333336,6.55
883,2022-09-10,15:48:15,16:31:55,BT01,BT02,43.66666666666666,4.4833333333333325
884,2022-09-11,05:14:43,05:48:52,BT02,BT01,34.15,1.616666666666667
885,2022-09-11,19:27:09,20:16:41,BT01,BT02,49.53333333333333,5.316666666666667
886,2022-09-12,03:08:19,17:18:45,BT02,BT01,850.4333333333333,569.6666666666663
887,2022-09-12,18:01:41,18:43:22,BT01,BT02,41.68333333333333,3.266666666666667
888,2022-09-13,08:40:58,09:33:03,BT02,BT01,52.083333333333336,7.749999999999998
889,2022-09-13,10:42:12,11:32:06,BT01,BT02,49.9,4.583333333333334
890,2022-09-13,13:21:11,14:16:20,BT02,BT01,55.15,6.900000000000001
891,2022-09-13,15:41:20,16:42:38,BT01,BT02,61.3,8.366666666666667
892,2022-09-14,08:09:46,09:00:12,BT02,BT01,50.43333333333333,4.666666666666666
893,2022-09-14,10:01:01,10:55:11,BT01,BT02,54.16666666666666,3.6666666666666665
894,2022-09-14,12:21:12,13:17:24,BT02,BT01,56.2,6.916666666666662
895,2022-09-14,14:31:22,15:21:53,BT01,BT02,50.516666666666666,5.016666666666668
896,2022-09-14,15:55:35,16:51:49,BT02,BT01,56.23333333333333,5.9999999999999964
897,2022-09-14,18:10:18,18:56:11,BT01,BT02,45.88333333333333,5.3
898,2022-09-15,07:50:35,08:41:58,BT02,BT01,51.38333333333333,5.466666666666666
899,2022-09-15,09:31:52,10:21:58,BT01,BT02,50.1,4.733333333333333
900,2022-09-15,11:29:30,12:23:12,BT02,BT01,53.7,8.366666666666667
901,2022-09-15,12:52:05,13:54:51,BT01,BT02,62.766666666666666,11.233333333333334
902,2022-09-15,14:41:35,15:35:09,BT02,BT01,53.56666666666667,8.13333333333333
903,2022-09-15,16:41:20,17:35:38,BT01,BT02,54.3,5.616666666666665
904,2022-09-17,07:59:15,08:53:03,BT02,BT01,53.8,7.233333333333332
905,2022-09-17,09:11:20,10:06:39,BT01,BT02,55.31666666666667,3.3166666666666664
906,2022-09-17,12:30:13,13:24:00,BT02,BT01,53.78333333333333,9.500000000000004
907,2022-09-17,14:01:55,14:55:18,BT01,BT02,53.38333333333333,10.216666666666663
908,2022-09-18,07:40:11,08:30:38,BT02,BT01,50.45,7.916666666666663
909,2022-09-18,08:46:29,09:43:01,BT01,BT02,56.53333333333333,7.0
910,2022-09-18,11:50:12,12:45:19,BT02,BT01,55.11666666666667,6.666666666666663
911,2022-09-18,13:11:50,14:01:12,BT01,BT02,49.36666666666667,6.116666666666667
912,2022-09-18,16:00:13,16:49:46,BT02,BT01,49.55,7.733333333333332
913,2022-09-18,18:39:47,19:27:35,BT01,BT02,47.8,7.099999999999997
914,2022-09-19,07:42:06,08:28:48,BT02,BT01,46.7,6.249999999999997
915,2022-09-19,09:10:22,10:03:49,BT01,BT02,53.45,4.333333333333332
916,2022-09-19,11:52:05,12:44:56,BT02,BT01,52.85,9.033333333333337
917,2022-09-19,13:22:31,14:11:55,BT01,BT02,49.4,4.5
918,2022-09-19,16:11:32,17:06:33,BT02,BT01,55.016666666666666,7.833333333333334
919,2022-09-19,19:37:09,20:11:58,BT01,BT02,34.81666666666667,1.3666666666666667
920,2022-09-20,07:28:49,08:09:33,BT02,BT01,40.73333333333333,6.666666666666667
921,2022-09-20,09:12:02,09:55:26,BT01,BT02,43.4,3.1333333333333337
922,2022-09-20,11:31:30,12:25:30,BT02,BT01,54.0,9.166666666666668
923,2022-09-20,13:31:26,14:27:14,BT01,BT02,55.8,15.166666666666668
924,2022-09-20,14:50:48,15:44:49,BT02,BT01,54.016666666666666,10.233333333333338
925,2022-09-20,16:51:45,17:43:44,BT01,BT02,51.98333333333333,8.716666666666667
926,2022-09-22,06:51:09,07:39:24,BT02,BT01,48.25,7.53333333333333
927,2022-09-22,08:21:04,09:06:49,BT01,BT02,45.75,4.716666666666666
928,2022-09-22,10:51:02,11:43:34,BT02,BT01,52.53333333333333,8.483333333333333
929,2022-09-22,12:12:27,13:14:31,BT01,BT02,62.06666666666667,11.68333333333333
930,2022-09-22,14:41:31,15:34:40,BT02,BT01,53.15,9.066666666666668
931,2022-09-22,16:11:51,17:04:49,BT01,BT02,52.96666666666667,6.65
932,2022-09-23,06:38:41,07:44:23,BT02,BT01,65.7,24.11666666666668
933,2022-09-23,08:21:20,09:13:37,BT01,BT02,52.28333333333333,7.783333333333334
934,2022-09-23,11:20:22,12:14:06,BT02,BT01,53.73333333333333,7.4999999999999964
935,2022-09-23,12:51:35,13:52:24,BT01,BT02,60.81666666666667,14.05
936,2022-09-23,15:31:04,16:25:39,BT02,BT01,54.583333333333336,6.783333333333333
937,2022-09-23,17:11:46,17:55:55,BT01,BT02,44.15,5.183333333333333
938,2022-09-24,06:49:20,07:44:16,BT02,BT01,54.93333333333333,10.999999999999996
939,2022-09-24,08:21:41,09:26:10,BT01,BT02,64.48333333333333,7.483333333333332
940,2022-09-24,11:31:32,12:25:57,BT02,BT01,54.41666666666666,6.716666666666666
941,2022-09-24,13:22:30,14:13:54,BT01,BT02,51.4,4.5
942,2022-09-24,15:30:52,16:24:36,BT02,BT01,53.73333333333333,5.249999999999999
943,2022-09-24,17:51:21,18:36:56,BT01,BT02,45.583333333333336,4.8500000000000005
944,2022-09-25,06:37:51,07:25:03,BT02,BT01,47.2,4.816666666666667
945,2022-09-25,07:41:14,08:34:26,BT01,BT02,53.2,4.383333333333334
946,2022-09-25,10:11:24,11:03:45,BT02,BT01,52.35,8.400000000000002
947,2022-09-25,12:05:48,13:08:27,BT01,BT02,62.65,7.05
948,2022-09-25,14:45:45,15:43:06,BT02,BT01,57.35,10.383333333333336
949,2022-09-25,17:20:31,18:01:39,BT01,BT02,41.13333333333333,4.633333333333332
950,2022-09-26,05:02:59,06:36:56,BT02,BT01,93.95,49.46666666666666
951,2022-09-26,06:38:56,17:51:07,BT01,BT02,672.1833333333333,508.05
952,2022-09-27,06:10:01,07:05:16,BT02,BT01,55.25,10.533333333333331
953,2022-09-27,08:01:17,08:56:16,BT01,BT02,54.98333333333333,8.899999999999999
954,2022-09-27,10:41:29,11:37:37,BT02,BT01,56.13333333333333,16.1
955,2022-09-27,12:31:55,13:31:25,BT01,BT02,59.5,4.8500000000000005
956,2022-09-27,14:51:25,15:50:12,BT02,BT01,58.78333333333333,13.966666666666669
957,2022-09-27,16:42:18,17:33:54,BT01,BT02,51.6,6.800000000000001
958,2022-09-28,06:09:50,07:19:02,BT02,BT01,69.2,20.2
959,2022-09-28,07:50:27,08:41:32,BT01,BT02,51.083333333333336,6.049999999999999
960,2022-09-28,11:21:52,12:15:22,BT02,BT01,53.5,6.166666666666666
961,2022-09-28,12:51:56,13:48:47,BT01,BT02,56.85,8.799999999999999
962,2022-09-28,15:41:37,16:36:20,BT02,BT01,54.71666666666667,7.13333333333333
963,2022-09-28,17:02:07,17:50:25,BT01,BT02,48.3,2.85
964,2022-09-29,06:10:41,07:07:58,BT02,BT01,57.28333333333333,9.7
965,2022-09-29,07:51:32,08:43:41,BT01,BT02,52.15,3.4000000000000004
966,2022-09-29,11:11:11,12:08:49,BT02,BT01,57.63333333333333,12.216666666666669
967,2022-09-29,12:41:04,13:38:52,BT01,BT02,57.8,6.299999999999999
968,2022-09-29,15:31:12,16:32:07,BT02,BT01,60.91666666666666,8.566666666666666
969,2022-09-29,17:01:51,17:50:21,BT01,BT02,48.5,5.999999999999999
970,2022-09-30,05:46:38,06:42:04,BT02,BT01,55.43333333333333,8.316666666666666
971,2022-09-30,07:11:37,08:09:17,BT01,BT02,57.66666666666666,7.2
972,2022-09-30,10:11:20,11:05:25,BT02,BT01,54.083333333333336,14.600000000000003
973,2022-09-30,11:32:28,12:33:29,BT01,BT02,61.016666666666666,10.566666666666666
974,2022-09-30,14:11:14,15:01:02,BT02,BT01,49.8,10.683333333333334
975,2022-09-30,15:41:49,16:35:47,BT01,BT02,53.96666666666667,4.616666666666666
976,2022-10-01,04:03:26,04:28:14,BT02,BT01,24.8,0.0
977,2022-10-02,01:23:42,01:53:08,BT01,BT02,29.433333333333334,0.8833333333333333
978,2022-10-02,04:39:24,05:27:39,BT02,BT01,48.25,4.783333333333333
979,2022-10-02,19:36:47,20:23:16,BT01,BT02,46.483333333333334,7.299999999999998
980,2022-10-03,09:10:59,09:48:35,BT02,BT01,37.6,4.416666666666668
981,2022-10-03,10:41:21,11:21:02,BT01,BT02,39.68333333333333,1.8000000000000003
982,2022-10-03,14:10:53,14:50:32,BT02,BT01,39.65,4.783333333333332
983,2022-10-03,15:40:58,16:31:20,BT01,BT02,50.36666666666667,5.316666666666666
984,2022-10-04,09:08:58,09:58:06,BT02,BT01,49.13333333333333,5.63333333333333
985,2022-10-04,10:40:11,11:28:47,BT01,BT02,48.6,4.5
986,2022-10-04,13:41:01,14:26:58,BT02,BT01,45.95,8.549999999999997
987,2022-10-04,15:02:04,15:47:35,BT01,BT02,45.516666666666666,7.166666666666668
988,2022-10-04,17:41:22,18:25:24,BT02,BT01,44.03333333333333,5.433333333333333
989,2022-10-04,20:47:19,21:17:00,BT01,BT02,29.683333333333334,0.75
990,2022-10-05,09:00:25,09:42:37,BT02,BT01,42.2,4.416666666666667
991,2022-10-05,10:11:44,10:54:56,BT01,BT02,43.2,3.1666666666666665
992,2022-10-05,12:51:45,13:53:39,BT02,BT01,61.9,15.433333333333332
993,2022-10-05,14:12:13,14:58:36,BT01,BT02,46.38333333333333,4.866666666666666
994,2022-10-05,16:41:00,17:30:34,BT02,BT01,49.56666666666667,4.516666666666666
995,2022-10-05,18:01:40,18:50:15,BT01,BT02,48.583333333333336,5.333333333333333
996,2022-10-06,09:13:05,15:40:24,BT02,BT01,387.31666666666666,284.6500000000001
997,2022-10-06,15:44:20,16:29:52,BT01,BT02,45.53333333333333,5.749999999999999
998,2022-10-07,08:11:29,08:55:22,BT02,BT01,43.88333333333333,7.049999999999996
999,2022-10-07,09:11:10,09:59:48,BT01,BT02,48.63333333333333,5.283333333333332
1000,2022-10-07,15:00:35,15:51:07,BT02,BT01,50.53333333333333,13.400000000000002
1001,2022-10-07,16:42:01,17:30:05,BT01,BT02,48.06666666666667,6.416666666666666
1002,2022-10-08,08:00:57,08:48:46,BT02,BT01,47.81666666666667,5.116666666666666
1003,2022-10-08,09:21:33,10:09:18,BT01,BT02,47.75,6.433333333333334
1004,2022-10-08,12:11:08,12:59:36,BT02,BT01,48.46666666666667,5.666666666666666
1005,2022-10-08,13:44:31,14:31:37,BT01,BT02,47.1,5.183333333333332
1006,2022-10-08,16:11:20,16:57:48,BT02,BT01,46.46666666666667,5.9833333333333325
1007,2022-10-08,17:52:32,18:35:27,BT01,BT02,42.916666666666664,2.8
1008,2022-10-09,07:59:25,08:43:02,BT02,BT01,43.61666666666667,6.916666666666663
1009,2022-10-09,09:21:32,10:15:51,BT01,BT02,54.31666666666667,5.1000000000000005
1010,2022-10-10,07:51:55,08:35:57,BT02,BT01,44.03333333333333,8.45
1011,2022-10-10,09:21:13,10:07:18,BT01,BT02,46.083333333333336,3.066666666666666
1012,2022-10-10,11:51:23,12:41:17,BT02,BT01,49.9,7.5666666666666655
1013,2022-10-10,13:12:33,14:03:33,BT01,BT02,51.0,6.866666666666667
1014,2022-10-10,15:40:59,16:29:23,BT02,BT01,48.4,2.9833333333333343
1015,2022-10-10,17:11:22,18:00:09,BT01,BT02,48.78333333333333,7.066666666666663
1016,2022-10-12,07:51:21,08:40:02,BT02,BT01,48.68333333333333,11.366666666666667
1017,2022-10-12,09:01:30,09:50:19,BT01,BT02,48.81666666666667,4.033333333333333
1018,2022-10-12,11:59:40,12:49:31,BT02,BT01,49.85,5.633333333333332
1019,2022-10-12,13:10:27,14:04:55,BT01,BT02,54.46666666666667,7.800000000000001
1020,2022-10-12,16:00:54,16:49:29,BT02,BT01,48.583333333333336,7.199999999999999
1021,2022-10-12,17:22:31,18:10:25,BT01,BT02,47.9,7.633333333333332
1022,2022-10-13,07:50:34,08:32:29,BT02,BT01,41.916666666666664,4.55
1023,2022-10-13,09:21:06,10:08:46,BT01,BT02,47.666666666666664,4.316666666666666
1024,2022-10-13,16:21:11,17:11:31,BT02,BT01,50.333333333333336,4.416666666666667
1025,2022-10-13,17:51:28,18:31:57,BT01,BT02,40.483333333333334,3.5500000000000003
1026,2022-10-14,07:49:29,08:32:18,BT02,BT01,42.81666666666667,5.73333333333333
1027,2022-10-14,09:11:57,09:54:53,BT01,BT02,42.93333333333333,1.85
1028,2022-10-15,07:31:04,08:07:33,BT02,BT01,36.483333333333334,2.233333333333334
1029,2022-10-15,08:32:31,09:24:10,BT01,BT02,51.65,7.633333333333331
1030,2022-10-15,11:20:00,12:07:44,BT02,BT01,47.733333333333334,7.566666666666666
1031,2022-10-15,12:32:04,13:23:10,BT01,BT02,51.1,6.516666666666667
1032,2022-10-15,16:51:01,17:41:05,BT02,BT01,50.06666666666667,5.7333333333333325
1033,2022-10-15,19:20:37,20:02:50,BT01,BT02,42.21666666666667,5.08333333333333
1034,2022-10-16,05:11:22,05:37:43,BT02,BT01,26.35,1.5166666666666666
1035,2022-10-16,19:35:13,20:07:02,BT01,BT02,31.816666666666666,3.366666666666667
1036,2022-10-17,06:50:45,07:48:01,BT02,BT01,57.266666666666666,17.166666666666668
1037,2022-10-17,08:11:30,08:55:45,BT01,BT02,44.25,3.0500000000000003
1038,2022-10-17,10:30:52,11:13:26,BT02,BT01,42.56666666666667,4.783333333333332
1039,2022-10-17,11:41:59,12:35:35,BT01,BT02,53.6,4.866666666666668
1040,2022-10-17,13:51:26,14:36:42,BT02,BT01,45.266666666666666,5.283333333333333
1041,2022-10-17,15:32:15,16:24:10,BT01,BT02,51.916666666666664,4.85
1042,2022-10-17,16:47:06,17:39:17,BT02,BT01,52.18333333333333,4.316666666666667
1043,2022-10-17,18:28:53,19:10:43,BT01,BT02,41.833333333333336,4.116666666666666
1044,2022-10-18,06:22:18,07:19:58,BT02,BT01,57.666666666666664,17.366666666666664
1045,2022-10-18,07:41:11,08:27:31,BT01,BT02,46.333333333333336,3.499999999999999
1046,2022-10-18,10:52:17,11:34:15,BT02,BT01,41.96666666666667,5.749999999999997
1047,2022-10-18,12:12:07,13:01:47,BT01,BT02,49.666666666666664,5.966666666666666
1048,2022-10-18,14:52:15,15:42:54,BT02,BT01,50.65,9.200000000000003
1049,2022-10-18,16:21:02,17:14:26,BT01,BT02,53.4,8.083333333333332
1050,2022-10-19,06:30:07,07:21:30,BT02,BT01,51.38333333333333,11.266666666666667
1051,2022-10-19,08:01:08,08:45:50,BT01,BT02,44.7,4.916666666666666
1052,2022-10-19,15:02:16,15:49:07,BT02,BT01,46.85,4.483333333333333
1053,2022-10-19,16:32:12,17:23:24,BT01,BT02,51.2,4.716666666666666
1054,2022-10-20,06:41:48,07:35:59,BT02,BT01,54.18333333333333,14.283333333333337
1055,2022-10-20,08:11:14,08:57:52,BT01,BT02,46.63333333333333,6.666666666666665
1056,2022-10-20,10:51:03,11:40:01,BT02,BT01,48.96666666666667,4.616666666666666
1057,2022-10-20,12:11:22,12:59:21,BT01,BT02,47.983333333333334,5.183333333333333
1058,2022-10-20,14:41:31,15:31:00,BT02,BT01,49.483333333333334,5.766666666666667
1059,2022-10-20,16:11:03,17:04:10,BT01,BT02,53.11666666666667,4.666666666666668
1060,2022-10-21,05:41:33,06:13:04,BT02,BT01,31.516666666666666,0.05
1061,2022-10-22,06:29:54,07:12:01,BT02,BT01,42.11666666666667,3.3499999999999996
1062,2022-10-22,08:00:53,08:52:08,BT01,BT02,51.25,2.3000000000000003
1063,2022-10-22,10:49:59,11:42:56,BT02,BT01,52.95,7.566666666666667
1064,2022-10-22,12:12:18,13:03:24,BT01,BT02,51.1,6.3666666666666645
1065,2022-10-22,15:01:01,15:51:26,BT02,BT01,50.416666666666664,8.650000000000002
1066,2022-10-22,16:41:55,17:35:29,BT01,BT02,53.56666666666667,5.3
1067,2022-10-23,05:08:21,05:36:01,BT02,BT01,27.666666666666668,0.6333333333333333
1068,2022-10-23,20:09:24,20:39:39,BT01,BT02,30.25,1.1333333333333333
1069,2022-10-24,08:11:10,08:56:10,BT02,BT01,45.0,4.183333333333333
1070,2022-10-24,09:31:53,10:26:09,BT01,BT02,54.266666666666666,8.433333333333334
1071,2022-10-24,11:21:30,12:12:00,BT02,BT01,50.5,4.433333333333333
1072,2022-10-24,12:31:47,13:22:33,BT01,BT02,50.766666666666666,6.4499999999999975
1073,2022-10-24,15:43:43,16:38:23,BT02,BT01,54.666666666666664,5.45
1074,2022-10-24,17:41:36,18:32:49,BT01,BT02,51.21666666666667,6.416666666666666
1075,2022-10-25,10:51:28,11:40:14,BT02,BT01,48.766666666666666,3.8666666666666663
1076,2022-10-25,12:01:38,12:55:26,BT01,BT02,53.8,8.816666666666666
1077,2022-10-25,15:20:48,16:11:39,BT02,BT01,50.85,11.000000000000002
1078,2022-10-25,16:51:43,17:39:17,BT01,BT02,47.56666666666667,3.9833333333333343
1079,2022-10-27,06:10:35,06:57:01,BT02,BT01,46.43333333333333,7.683333333333334
1080,2022-10-27,07:51:41,08:41:40,BT01,BT02,49.983333333333334,12.016666666666667
1081,2022-10-27,10:59:41,11:46:44,BT02,BT01,47.05,7.266666666666665
1082,2022-10-27,12:31:51,13:21:02,BT01,BT02,49.18333333333333,5.8500000000000005
1083,2022-10-27,15:20:00,16:00:55,BT02,BT01,40.916666666666664,6.783333333333332
1084,2022-10-27,16:51:56,17:36:48,BT01,BT02,44.86666666666667,3.883333333333334
1085,2022-10-28,05:48:51,06:32:53,BT02,BT01,44.03333333333333,8.566666666666665
1086,2022-10-28,07:30:18,08:18:19,BT01,BT02,48.016666666666666,4.55
1087,2022-10-28,10:39:46,11:27:41,BT02,BT01,47.916666666666664,7.649999999999998
1088,2022-10-28,12:21:58,13:13:19,BT01,BT02,51.35,8.316666666666666
1089,2022-10-28,15:10:54,15:58:24,BT02,BT01,47.5,5.599999999999997
1090,2022-10-28,16:52:00,17:40:36,BT01,BT02,48.6,5.916666666666666
1091,2022-10-29,06:11:06,06:55:27,BT02,BT01,44.35,4.699999999999999
1092,2022-10-29,07:31:29,08:21:08,BT01,BT02,49.65,7.816666666666662
1093,2022-10-29,11:21:17,12:20:33,BT02,BT01,59.266666666666666,13.133333333333333
1094,2022-10-29,12:51:52,13:41:49,BT01,BT02,49.95,9.766666666666662
1095,2022-10-29,16:29:59,17:23:31,BT02,BT01,53.53333333333333,11.95
1096,2022-10-29,18:10:27,18:56:08,BT01,BT02,45.68333333333333,7.6499999999999995
1097,2022-10-30,05:01:56,05:27:03,BT02,BT01,25.116666666666667,0.2833333333333333
1098,2022-10-30,19:33:15,20:07:42,BT01,BT02,34.45,1.2833333333333334
1099,2022-10-31,08:10:24,08:48:26,BT02,BT01,38.03333333333333,1.9500000000000006
1100,2022-10-31,09:30:57,10:20:13,BT01,BT02,49.266666666666666,4.8999999999999995
1101,2022-10-31,15:41:42,16:31:41,BT02,BT01,49.983333333333334,4.483333333333332
1102,2022-10-31,17:10:56,17:56:46,BT01,BT02,45.833333333333336,4.7
1103,2022-10-31,18:24:00,19:03:57,BT02,BT01,39.95,3.2166666666666663
1104,2022-10-31,20:58:40,21:36:01,BT01,BT02,37.35,2.683333333333333
